uid,analysisDate,namedLocation,domainID,siteID,plotID,plotType,setDate,collectDate,massSampleMixtureID,ligninSampleID,ligninSampleBarcode,analyticalRepNumber,dryMass,ligninPercent,cellulosePercent,measurementQF,accuracyQF,remarks,laboratoryName,testMethod,analyzedBy,reviewedBy,dataQF,publicationDate,release
478503b6-f20a-45e9-aaad-9a641cd23428,2017-08-30,BART_073.basePlot.ltr,D01,BART,BART_073,tower,2016-09-19T16:00:00Z,2016-10-10T16:00:00Z,NEON.LTR.BART073.20161010.NDL,NEON.LTR.BART073.20161010.NDL.LIG,NA,1,0.449,14.21,20.25,OK,OK,NA,University of Florida Wetland Biogeochemistry Laboratory,WBL-M-028,bKF36824dpcABkIQiw5BLQ==,5NMApxg5Cd0pWFY84VRdIg==,NA,20251204T224617Z,RELEASE-2026
53ac74b4-5b95-436b-b069-1803912f34f3,2017-08-30,BART_032.basePlot.ltr,D01,BART,BART_032,tower,2016-09-19T16:00:00Z,2016-10-10T16:00:00Z,NEON.LTR.BART032.20161010.LVS,NEON.LTR.BART032.20161010.LVS.LIG,NA,1,0.479,16.84,18.75,OK,OK,NA,University of Florida Wetland Biogeochemistry Laboratory,WBL-M-028,bKF36824dpcABkIQiw5BLQ==,5NMApxg5Cd0pWFY84VRdIg==,NA,20251204T224617Z,RELEASE-2026
f226a6bb-7f90-4cd3-aa5c-c1b5aa4d0a8b,2017-08-30,BART_033.basePlot.ltr,D01,BART,BART_033,tower,2016-09-19T16:00:00Z,2016-10-11T16:00:00Z,NEON.LTR.BART033.20161011.LVS,NEON.LTR.BART033.20161011.LVS.LIG,NA,2,0.473,16.91,20.79,OK,OK,NA,University of Florida Wetland Biogeochemistry Laboratory,WBL-M-028,bKF36824dpcABkIQiw5BLQ==,5NMApxg5Cd0pWFY84VRdIg==,NA,20251204T224617Z,RELEASE-2026
22fe2aec-6519-4922-a901-2e331a9984cd,2017-08-30,BART_033.basePlot.ltr,D01,BART,BART_033,tower,2016-09-19T16:00:00Z,2016-10-11T16:00:00Z,NEON.LTR.BART033.20161011.LVS,NEON.LTR.BART033.20161011.LVS.LIG,NA,1,0.468,16.86,20.29,OK,OK,NA,University of Florida Wetland Biogeochemistry Laboratory,WBL-M-028,bKF36824dpcABkIQiw5BLQ==,5NMApxg5Cd0pWFY84VRdIg==,NA,20251204T224617Z,RELEASE-2026
d9ca082f-258d-4365-9a62-9bec65ec5511,2017-08-30,BART_075.basePlot.ltr,D01,BART,BART_075,tower,2016-09-20T16:00:00Z,2016-10-11T16:00:00Z,NEON.LTR.BART075.20161011.NDL,NEON.LTR.BART075.20161011.NDL.LIG,NA,1,0.477,13.59,19.34,OK,OK,NA,University of Florida Wetland Biogeochemistry Laboratory,WBL-M-028,bKF36824dpcABkIQiw5BLQ==,5NMApxg5Cd0pWFY84VRdIg==,NA,20251204T224617Z,RELEASE-2026
3b7516aa-8633-40c2-8987-6dcc4e5b5bec,2017-08-30,BART_042.basePlot.ltr,D01,BART,BART_042,tower,2016-09-20T16:00:00Z,2016-10-11T16:00:00Z,NEON.LTR.BART042.20161011.NDL,NEON.LTR.BART042.20161011.NDL.LIG,NA,1,0.467,18.76,22.12,OK,OK,NA,University of Florida Wetland Biogeochemistry Laboratory,WBL-M-028,bKF36824dpcABkIQiw5BLQ==,5NMApxg5Cd0pWFY84VRdIg==,NA,20251204T224617Z,RELEASE-2026
44db3494-eea3-4919-b7df-9688c4909120,2017-08-30,BART_075.basePlot.ltr,D01,BART,BART_075,tower,2016-09-20T16:00:00Z,2016-10-11T16:00:00Z,NEON.LTR.BART075.20161011.LVS,NEON.LTR.BART075.20161011.LVS.LIG,NA,1,0.478,16.27,22.07,OK,OK,NA,University of Florida Wetland Biogeochemistry Laboratory,WBL-M-028,bKF36824dpcABkIQiw5BLQ==,5NMApxg5Cd0pWFY84VRdIg==,NA,20251204T224617Z,RELEASE-2026
f24515d8-7253-440b-9912-275ca73de90d,2017-08-30,BART_072.basePlot.ltr,D01,BART,BART_072,tower,2016-09-20T16:00:00Z,2016-10-11T16:00:00Z,NEON.LTR.BART072.20161011.NDL,NEON.LTR.BART072.20161011.NDL.LIG,NA,1,0.474,12.96,19.54,OK,OK,NA,University of Florida Wetland Biogeochemistry Laboratory,WBL-M-028,bKF36824dpcABkIQiw5BLQ==,5NMApxg5Cd0pWFY84VRdIg==,NA,20251204T224617Z,RELEASE-2026
af4f42cc-b153-4937-8571-c69dcea8a5fe,2017-08-30,BART_044.basePlot.ltr,D01,BART,BART_044,tower,2016-09-20T16:00:00Z,2016-10-11T16:00:00Z,NEON.LTR.BART044.20161011.LVS,NEON.LTR.BART044.20161011.LVS.LIG,NA,1,0.468,19.19,20.83,OK,OK,NA,University of Florida Wetland Biogeochemistry Laboratory,WBL-M-028,bKF36824dpcABkIQiw5BLQ==,5NMApxg5Cd0pWFY84VRdIg==,NA,20251204T224617Z,RELEASE-2026
e71a22d8-c7da-4606-ae8f-788ab437661f,2023-02-01,BART_036.basePlot.ltr,D01,BART,BART_036,tower,2021-10-26T16:00:00Z,2022-04-12T16:00:00Z,NEON.LTR.BART.2022.WDY,NEON.LTR.BART.2022.WDY.LIG,A00000154981,1,0.496,42.7,27.24,OK,OK,NA,A and L Great Lakes,SOP APF-10-024,g2Nnhw2rHMc=,j+NchQmCR3uWeXRzNkSPNw==,NA,20251206T063442Z,RELEASE-2026
0e3fd5ca-865f-4002-a83d-f6f6b6488f4b,2023-02-01,BART_036.basePlot.ltr,D01,BART,BART_036,tower,2021-10-26T16:00:00Z,2022-04-12T16:00:00Z,NEON.LTR.BART.2022.TWI,NEON.LTR.BART.2022.TWI.LIG,A00000154965,1,0.484,40.58,30.68,OK,OK,NA,A and L Great Lakes,SOP APF-10-024,g2Nnhw2rHMc=,j+NchQmCR3uWeXRzNkSPNw==,NA,20251206T063442Z,RELEASE-2026
2c2bd6ea-a08a-4ed3-8608-66d2dcd251bc,2023-02-01,BART_036.basePlot.ltr,D01,BART,BART_036,tower,2021-10-26T16:00:00Z,2022-04-12T16:00:00Z,NEON.LTR.BART.2022.MXT,NEON.LTR.BART.2022.MXT.LIG,A00000154997,1,0.498,27.23,24.39,OK,OK,NA,A and L Great Lakes,SOP APF-10-024,g2Nnhw2rHMc=,j+NchQmCR3uWeXRzNkSPNw==,NA,20251206T063442Z,RELEASE-2026
41430587-febf-4b5d-bd21-6713bb6332a3,2023-02-01,BART_036.basePlot.ltr,D01,BART,BART_036,tower,2022-05-10T16:00:00Z,2022-06-06T16:00:00Z,NEON.LTR.BART.2022.OTH,NEON.LTR.BART.2022.OTH.LIG,A00000154918,1,0.482,24.79,35.25,OK,OK,NA,A and L Great Lakes,SOP APF-10-024,g2Nnhw2rHMc=,j+NchQmCR3uWeXRzNkSPNw==,NA,20251206T035926Z,RELEASE-2026
f962fd3f-2d0f-4731-a65b-de4c8ba13c80,2023-02-01,BART_036.basePlot.ltr,D01,BART,BART_036,tower,2022-04-12T16:00:00Z,2022-05-10T16:00:00Z,NEON.LTR.BART.2022.FLR,NEON.LTR.BART.2022.FLR.LIG,A00000154998,1,0.465,16.97,12.33,OK,OK,NA,A and L Great Lakes,SOP APF-10-024,g2Nnhw2rHMc=,j+NchQmCR3uWeXRzNkSPNw==,NA,20251206T065057Z,RELEASE-2026
bdd46ef6-1285-4b86-9dc7-44d1d0924a14,2023-02-01,BART_036.basePlot.ltr,D01,BART,BART_036,tower,2022-06-06T16:00:00Z,2022-07-05T16:00:00Z,NEON.LTR.BART.2022.SDS,NEON.LTR.BART.2022.SDS.LIG,A00000154982,1,0.488,23.95,23.4,OK,OK,NA,A and L Great Lakes,SOP APF-10-024,g2Nnhw2rHMc=,j+NchQmCR3uWeXRzNkSPNw==,NA,20251206T041655Z,RELEASE-2026
5097b8e6-e0c2-4b77-a308-9eafe05d1b3d,2023-02-01,BART_073.basePlot.ltr,D01,BART,BART_073,tower,2022-09-12T16:00:00Z,2022-09-26T16:00:00Z,NEON.LTR.BART073.20220926.NDL,NEON.LTR.BART073.20220926.NDL.LIG,A00000154917,1,0.499,16.64,18.97,OK,OK,NA,A and L Great Lakes,SOP APF-10-024,g2Nnhw2rHMc=,j+NchQmCR3uWeXRzNkSPNw==,NA,20251206T034210Z,RELEASE-2026
59688a3d-a121-4d3b-8798-c08b1afc929b,2023-02-01,BART_071.basePlot.ltr,D01,BART,BART_071,tower,2022-09-12T16:00:00Z,2022-09-26T16:00:00Z,NEON.LTR.BART071.20220926.NDL,NEON.LTR.BART071.20220926.NDL.LIG,A00000154964,1,0.478,27.08,21.97,OK,OK,NA,A and L Great Lakes,SOP APF-10-024,g2Nnhw2rHMc=,j+NchQmCR3uWeXRzNkSPNw==,NA,20251206T034210Z,RELEASE-2026
c369eff6-b279-45c7-85e4-0356ac6f78ed,2023-02-01,BART_042.basePlot.ltr,D01,BART,BART_042,tower,2022-09-12T16:00:00Z,2022-09-27T16:00:00Z,NEON.LTR.BART042.20220927.NDL,NEON.LTR.BART042.20220927.NDL.LIG,A00000154947,1,0.474,23.79,21,OK,OK,NA,A and L Great Lakes,SOP APF-10-024,g2Nnhw2rHMc=,j+NchQmCR3uWeXRzNkSPNw==,NA,20251206T034210Z,RELEASE-2026
f54ff017-6718-4a38-ad13-dad1e4151f49,2023-02-01,BART_050.basePlot.ltr,D01,BART,BART_050,tower,2022-09-12T16:00:00Z,2022-09-27T16:00:00Z,NEON.LTR.BART050.20220927.NDL,NEON.LTR.BART050.20220927.NDL.LIG,A00000154915,1,0.495,18.75,19.2,OK,OK,NA,A and L Great Lakes,SOP APF-10-024,g2Nnhw2rHMc=,j+NchQmCR3uWeXRzNkSPNw==,NA,20251206T034210Z,RELEASE-2026
34b08215-7018-48e4-9779-6353433f4381,2023-02-01,BART_044.basePlot.ltr,D01,BART,BART_044,tower,2022-09-12T16:00:00Z,2022-09-27T16:00:00Z,NEON.LTR.BART044.20220927.NDL,NEON.LTR.BART044.20220927.NDL.LIG,A00000154978,1,0.475,15.96,18.33,OK,OK,NA,A and L Great Lakes,SOP APF-10-024,g2Nnhw2rHMc=,j+NchQmCR3uWeXRzNkSPNw==,NA,20251206T034210Z,RELEASE-2026
69f80420-da1f-4b81-9f15-8147494fff08,2023-02-01,BART_040.basePlot.ltr,D01,BART,BART_040,tower,2022-10-10T16:00:00Z,2022-10-24T16:00:00Z,NEON.LTR.BART040.20221024.LVS,NEON.LTR.BART040.20221024.LVS.LIG,A00000154929,1,0.462,18.91,22.53,OK,OK,NA,A and L Great Lakes,SOP APF-10-024,g2Nnhw2rHMc=,j+NchQmCR3uWeXRzNkSPNw==,NA,20251206T064811Z,RELEASE-2026
e3355955-86ba-4886-bcfa-30ae8dc5e250,2023-02-01,BART_073.basePlot.ltr,D01,BART,BART_073,tower,2022-10-10T16:00:00Z,2022-10-24T16:00:00Z,NEON.LTR.BART073.20221024.LVS,NEON.LTR.BART073.20221024.LVS.LIG,A00000154944,1,0.465,23.29,20.62,OK,OK,NA,A and L Great Lakes,SOP APF-10-024,g2Nnhw2rHMc=,j+NchQmCR3uWeXRzNkSPNw==,NA,20251206T064811Z,RELEASE-2026
925b4173-d5eb-4484-8c7f-5ddd5185474d,2023-02-01,BART_047.basePlot.ltr,D01,BART,BART_047,tower,2022-10-10T16:00:00Z,2022-10-24T16:00:00Z,NEON.LTR.BART047.20221024.LVS,NEON.LTR.BART047.20221024.LVS.LIG,A00000154990,1,0.466,23.15,20.76,OK,OK,NA,A and L Great Lakes,SOP APF-10-024,g2Nnhw2rHMc=,j+NchQmCR3uWeXRzNkSPNw==,NA,20251206T064811Z,RELEASE-2026
4ff7c779-8cc0-4889-9808-e38c2a1458a8,2023-02-01,BART_071.basePlot.ltr,D01,BART,BART_071,tower,2022-10-10T16:00:00Z,2022-10-24T16:00:00Z,NEON.LTR.BART071.20221024.LVS,NEON.LTR.BART071.20221024.LVS.LIG,A00000154910,1,0.481,22.43,21.33,OK,OK,NA,A and L Great Lakes,SOP APF-10-024,g2Nnhw2rHMc=,j+NchQmCR3uWeXRzNkSPNw==,NA,20251206T064811Z,RELEASE-2026
2eb00372-d048-45e1-a9ba-c604297a499a,2023-02-01,BART_042.basePlot.ltr,D01,BART,BART_042,tower,2022-10-10T16:00:00Z,2022-10-24T16:00:00Z,NEON.LTR.BART042.20221024.LVS,NEON.LTR.BART042.20221024.LVS.LIG,A00000154976,1,0.463,21.85,18.78,OK,OK,NA,A and L Great Lakes,SOP APF-10-024,g2Nnhw2rHMc=,j+NchQmCR3uWeXRzNkSPNw==,NA,20251206T064811Z,RELEASE-2026
35f07e96-101b-424a-b3c4-78398bba8d06,2023-02-01,BART_046.basePlot.ltr,D01,BART,BART_046,tower,2022-10-11T16:00:00Z,2022-10-25T16:00:00Z,NEON.LTR.BART046.20221025.LVS,NEON.LTR.BART046.20221025.LVS.LIG,A00000154943,1,0.485,21.91,21.56,OK,OK,NA,A and L Great Lakes,SOP APF-10-024,g2Nnhw2rHMc=,j+NchQmCR3uWeXRzNkSPNw==,NA,20251206T064811Z,RELEASE-2026
bb1f61af-0613-4c7a-be62-141c7c54ddfd,2023-02-01,BART_074.basePlot.ltr,D01,BART,BART_074,tower,2022-10-11T16:00:00Z,2022-10-25T16:00:00Z,NEON.LTR.BART074.20221025.LVS,NEON.LTR.BART074.20221025.LVS.LIG,A00000154991,1,0.501,33.85,25.49,OK,OK,NA,A and L Great Lakes,SOP APF-10-024,g2Nnhw2rHMc=,j+NchQmCR3uWeXRzNkSPNw==,NA,20251206T064811Z,RELEASE-2026
ae8a74ed-1d1a-4f7d-baf2-b3f8de600001,2023-02-01,BART_044.basePlot.ltr,D01,BART,BART_044,tower,2022-10-11T16:00:00Z,2022-10-25T16:00:00Z,NEON.LTR.BART044.20221025.LVS,NEON.LTR.BART044.20221025.LVS.LIG,A00000154925,1,0.484,24.81,22.62,OK,OK,NA,A and L Great Lakes,SOP APF-10-024,g2Nnhw2rHMc=,j+NchQmCR3uWeXRzNkSPNw==,NA,20251206T064811Z,RELEASE-2026
57e0b094-fb05-41eb-ba98-aa78b1d11223,2023-02-01,BART_036.basePlot.ltr,D01,BART,BART_036,tower,2022-10-11T16:00:00Z,2022-10-25T16:00:00Z,NEON.LTR.BART036.20221025.LVS,NEON.LTR.BART036.20221025.LVS.LIG,A00000154977,1,0.471,30.23,25.43,OK,OK,NA,A and L Great Lakes,SOP APF-10-024,g2Nnhw2rHMc=,j+NchQmCR3uWeXRzNkSPNw==,NA,20251206T064811Z,RELEASE-2026
316abb9f-82bb-46ae-93f6-dfbea94cb99b,2023-02-01,BART_050.basePlot.ltr,D01,BART,BART_050,tower,2022-10-11T16:00:00Z,2022-10-25T16:00:00Z,NEON.LTR.BART050.20221025.LVS,NEON.LTR.BART050.20221025.LVS.LIG,A00000154958,1,0.462,22.49,20.13,OK,OK,NA,A and L Great Lakes,SOP APF-10-024,g2Nnhw2rHMc=,j+NchQmCR3uWeXRzNkSPNw==,NA,20251206T064811Z,RELEASE-2026
69775c37-ba16-4ec3-91c1-aaa5ea6dfb21,2018-12-13,HARV_048.basePlot.ltr,D01,HARV,HARV_048,tower,2018-10-01T16:00:00Z,2018-10-15T16:00:00Z,NEON.LTR.HARV048.20181015.NDL,NEON.LTR.HARV048.20181015.NDL.LIG,A00000032746,1,0.504,20.83,20.73,OK,OK,NA,University of Florida Wetland Biogeochemistry Laboratory,WBL-M-028,8kr+qfmeu1FQ7vvHWE7F/A==,5NMApxg5Cd0pWFY84VRdIg==,NA,20251205T034647Z,RELEASE-2026
6b9a3c02-4fee-46ee-869c-074a81921e41,2018-12-17,HARV_037.basePlot.ltr,D01,HARV,HARV_037,tower,2018-10-01T16:00:00Z,2018-10-15T16:00:00Z,NEON.LTR.HARV037.20181015.LVS,NEON.LTR.HARV037.20181015.LVS.LIG,A00000032826,1,0.538,25.23,15.63,OK,OK,NA,University of Florida Wetland Biogeochemistry Laboratory,WBL-M-028,8kr+qfmeu1FQ7vvHWE7F/A==,5NMApxg5Cd0pWFY84VRdIg==,NA,20251205T034647Z,RELEASE-2026
383c85fc-0ee6-443c-b344-7d99c3abba75,2018-12-17,HARV_038.basePlot.ltr,D01,HARV,HARV_038,tower,2018-10-01T16:00:00Z,2018-10-15T16:00:00Z,NEON.LTR.HARV038.20181015.NDL,NEON.LTR.HARV038.20181015.NDL.LIG,A00000032760,1,0.512,24.34,21.04,OK,OK,NA,University of Florida Wetland Biogeochemistry Laboratory,WBL-M-028,8kr+qfmeu1FQ7vvHWE7F/A==,5NMApxg5Cd0pWFY84VRdIg==,NA,20251205T034647Z,RELEASE-2026
28fa345d-bb71-4be6-ad6a-5443c639cdb9,2018-12-13,HARV_046.basePlot.ltr,D01,HARV,HARV_046,tower,2018-10-01T16:00:00Z,2018-10-15T16:00:00Z,NEON.LTR.HARV046.20181015.LVS,NEON.LTR.HARV046.20181015.LVS.LIG,A00000032858,1,0.514,25.93,21.22,OK,OK,NA,University of Florida Wetland Biogeochemistry Laboratory,WBL-M-028,8kr+qfmeu1FQ7vvHWE7F/A==,5NMApxg5Cd0pWFY84VRdIg==,NA,20251205T034647Z,RELEASE-2026
df4061f9-4208-407c-8961-16162e8bad17,2018-12-17,HARV_035.basePlot.ltr,D01,HARV,HARV_035,tower,2018-10-01T16:00:00Z,2018-10-15T16:00:00Z,NEON.LTR.HARV035.20181015.NDL,NEON.LTR.HARV035.20181015.NDL.LIG,A00000032816,1,0.523,17.49,18.66,OK,OK,NA,University of Florida Wetland Biogeochemistry Laboratory,WBL-M-028,8kr+qfmeu1FQ7vvHWE7F/A==,5NMApxg5Cd0pWFY84VRdIg==,NA,20251205T034647Z,RELEASE-2026
66779dc1-ec0a-43dc-979a-ded4589a8b9f,2018-12-17,HARV_033.basePlot.ltr,D01,HARV,HARV_033,tower,2018-10-01T16:00:00Z,2018-10-15T16:00:00Z,NEON.LTR.HARV033.20181015.NDL,NEON.LTR.HARV033.20181015.NDL.LIG,A00000032835,1,0.52,30.76,21.71,OK,OK,NA,University of Florida Wetland Biogeochemistry Laboratory,WBL-M-028,8kr+qfmeu1FQ7vvHWE7F/A==,5NMApxg5Cd0pWFY84VRdIg==,NA,20251205T034647Z,RELEASE-2026
a931beeb-aff7-42eb-bd41-9e544479fe15,2018-12-17,HARV_036.basePlot.ltr,D01,HARV,HARV_036,tower,2018-10-01T16:00:00Z,2018-10-15T16:00:00Z,NEON.LTR.HARV036.20181015.LVS,NEON.LTR.HARV036.20181015.LVS.LIG,A00000032838,1,0.529,23.3,19.03,OK,OK,NA,University of Florida Wetland Biogeochemistry Laboratory,WBL-M-028,8kr+qfmeu1FQ7vvHWE7F/A==,5NMApxg5Cd0pWFY84VRdIg==,NA,20251205T034647Z,RELEASE-2026
72c88152-d22d-4cd7-998c-31c1a1944dac,2018-12-13,HARV_049.basePlot.ltr,D01,HARV,HARV_049,tower,2018-10-01T16:00:00Z,2018-10-15T16:00:00Z,NEON.LTR.HARV049.20181015.NDL,NEON.LTR.HARV049.20181015.NDL.LIG,A00000032802,1,0.511,25.53,23.23,OK,OK,NA,University of Florida Wetland Biogeochemistry Laboratory,WBL-M-028,8kr+qfmeu1FQ7vvHWE7F/A==,5NMApxg5Cd0pWFY84VRdIg==,NA,20251205T034647Z,RELEASE-2026
933337c3-155a-4bd8-9f89-c55d519e31c1,2018-12-13,HARV_049.basePlot.ltr,D01,HARV,HARV_049,tower,2018-10-01T16:00:00Z,2018-10-15T16:00:00Z,NEON.LTR.HARV049.20181015.LVS,NEON.LTR.HARV049.20181015.LVS.LIG,A00000032766,1,0.512,22.58,14.31,OK,OK,NA,University of Florida Wetland Biogeochemistry Laboratory,WBL-M-028,8kr+qfmeu1FQ7vvHWE7F/A==,5NMApxg5Cd0pWFY84VRdIg==,NA,20251205T034647Z,RELEASE-2026
81b949f4-164a-4b95-a86f-c7e1dc809459,2018-12-13,HARV_046.basePlot.ltr,D01,HARV,HARV_046,tower,2018-10-01T16:00:00Z,2018-10-15T16:00:00Z,NEON.LTR.HARV046.20181015.NDL,NEON.LTR.HARV046.20181015.NDL.LIG,A00000032824,1,0.538,30.19,22.92,OK,OK,NA,University of Florida Wetland Biogeochemistry Laboratory,WBL-M-028,8kr+qfmeu1FQ7vvHWE7F/A==,5NMApxg5Cd0pWFY84VRdIg==,NA,20251205T034647Z,RELEASE-2026
3147cbd8-785a-4f4c-8bdb-6798af311a54,2018-12-17,HARV_037.basePlot.ltr,D01,HARV,HARV_037,tower,2018-10-01T16:00:00Z,2018-10-15T16:00:00Z,NEON.LTR.HARV037.20181015.NDL,NEON.LTR.HARV037.20181015.NDL.LIG,A00000032786,1,0.505,15.39,17.69,OK,OK,NA,University of Florida Wetland Biogeochemistry Laboratory,WBL-M-028,8kr+qfmeu1FQ7vvHWE7F/A==,5NMApxg5Cd0pWFY84VRdIg==,NA,20251205T034647Z,RELEASE-2026
2178c1a1-e10c-4f20-b85c-ceaa4df5b6e4,2018-12-13,HARV_043.basePlot.ltr,D01,HARV,HARV_043,tower,2018-10-01T16:00:00Z,2018-10-15T16:00:00Z,NEON.LTR.HARV043.20181015.NDL,NEON.LTR.HARV043.20181015.NDL.LIG,A00000032836,1,0.524,21.61,21.05,OK,OK,NA,University of Florida Wetland Biogeochemistry Laboratory,WBL-M-028,8kr+qfmeu1FQ7vvHWE7F/A==,5NMApxg5Cd0pWFY84VRdIg==,NA,20251205T034647Z,RELEASE-2026
77264bf0-4cc4-43b1-b864-149a2680da10,2018-12-17,HARV_040.basePlot.ltr,D01,HARV,HARV_040,tower,2018-10-01T16:00:00Z,2018-10-15T16:00:00Z,NEON.LTR.HARV040.20181015.NDL,NEON.LTR.HARV040.20181015.NDL.LIG,A00000032799,1,0.524,31.44,20.97,OK,OK,NA,University of Florida Wetland Biogeochemistry Laboratory,WBL-M-028,8kr+qfmeu1FQ7vvHWE7F/A==,5NMApxg5Cd0pWFY84VRdIg==,NA,20251205T034647Z,RELEASE-2026
721e89d4-64ee-4f83-9026-8f3849849a86,2018-12-13,HARV_052.basePlot.ltr,D01,HARV,HARV_052,tower,2018-10-01T16:00:00Z,2018-10-15T16:00:00Z,NEON.LTR.HARV052.20181015.NDL,NEON.LTR.HARV052.20181015.NDL.LIG,A00000032775,1,0.522,20.77,19.3,OK,OK,NA,University of Florida Wetland Biogeochemistry Laboratory,WBL-M-028,8kr+qfmeu1FQ7vvHWE7F/A==,5NMApxg5Cd0pWFY84VRdIg==,NA,20251205T034647Z,RELEASE-2026
3b79d03d-1d47-4b31-8e9b-d65368913607,2018-12-17,HARV_038.basePlot.ltr,D01,HARV,HARV_038,tower,2018-10-01T16:00:00Z,2018-10-15T16:00:00Z,NEON.LTR.HARV038.20181015.LVS,NEON.LTR.HARV038.20181015.LVS.LIG,A00000032777,1,0.534,22.34,18.19,OK,OK,NA,University of Florida Wetland Biogeochemistry Laboratory,WBL-M-028,8kr+qfmeu1FQ7vvHWE7F/A==,5NMApxg5Cd0pWFY84VRdIg==,NA,20251205T034647Z,RELEASE-2026
81d554f7-7888-4703-9cfd-23fe51cea1a9,2018-12-13,HARV_050.basePlot.ltr,D01,HARV,HARV_050,tower,2018-10-01T16:00:00Z,2018-10-15T16:00:00Z,NEON.LTR.HARV050.20181015.NDL,NEON.LTR.HARV050.20181015.NDL.LIG,A00000032817,1,0.527,32.69,24.56,OK,OK,NA,University of Florida Wetland Biogeochemistry Laboratory,WBL-M-028,8kr+qfmeu1FQ7vvHWE7F/A==,5NMApxg5Cd0pWFY84VRdIg==,NA,20251205T034647Z,RELEASE-2026
e7b5824c-390d-48a9-bbea-186148af993e,2018-12-17,HARV_050.basePlot.ltr,D01,HARV,HARV_050,tower,2018-10-01T16:00:00Z,2018-10-15T16:00:00Z,NEON.LTR.HARV050.20181015.LVS,NEON.LTR.HARV050.20181015.LVS.LIG,A00000032840,1,0.511,28.26,19.54,OK,OK,NA,University of Florida Wetland Biogeochemistry Laboratory,WBL-M-028,8kr+qfmeu1FQ7vvHWE7F/A==,5NMApxg5Cd0pWFY84VRdIg==,NA,20251205T034647Z,RELEASE-2026
488783c7-f37c-4833-a03f-631885deebd0,2018-12-13,HARV_048.basePlot.ltr,D01,HARV,HARV_048,tower,2018-10-01T16:00:00Z,2018-10-15T16:00:00Z,NEON.LTR.HARV048.20181015.LVS,NEON.LTR.HARV048.20181015.LVS.LIG,A00000032794,1,0.528,27.87,20.85,OK,OK,NA,University of Florida Wetland Biogeochemistry Laboratory,WBL-M-028,8kr+qfmeu1FQ7vvHWE7F/A==,5NMApxg5Cd0pWFY84VRdIg==,NA,20251205T034647Z,RELEASE-2026
6f60f28f-9186-46c8-b85e-f0d3b2ab43f5,2018-12-13,HARV_049.basePlot.ltr,D01,HARV,HARV_049,tower,2018-10-01T16:00:00Z,2018-10-15T16:00:00Z,NEON.LTR.HARV049.20181015.NDL,NEON.LTR.HARV049.20181015.NDL.LIG,A00000032802,2,0.515,25.96,21.69,OK,OK,NA,University of Florida Wetland Biogeochemistry Laboratory,WBL-M-028,8kr+qfmeu1FQ7vvHWE7F/A==,5NMApxg5Cd0pWFY84VRdIg==,NA,20251205T034647Z,RELEASE-2026
f930dfb9-3eca-4ce9-b9ff-c9086f1ee786,2018-12-13,HARV_043.basePlot.ltr,D01,HARV,HARV_043,tower,2018-10-01T16:00:00Z,2018-10-15T16:00:00Z,NEON.LTR.HARV043.20181015.LVS,NEON.LTR.HARV043.20181015.LVS.LIG,A00000032761,1,0.504,29.01,14.14,OK,OK,NA,University of Florida Wetland Biogeochemistry Laboratory,WBL-M-028,8kr+qfmeu1FQ7vvHWE7F/A==,5NMApxg5Cd0pWFY84VRdIg==,NA,20251205T034647Z,RELEASE-2026
d81eddf8-9228-447b-9b0a-8cb439feb4b4,2018-12-17,HARV_035.basePlot.ltr,D01,HARV,HARV_035,tower,2018-10-01T16:00:00Z,2018-10-15T16:00:00Z,NEON.LTR.HARV035.20181015.LVS,NEON.LTR.HARV035.20181015.LVS.LIG,A00000032805,1,0.533,31.47,20.15,OK,OK,NA,University of Florida Wetland Biogeochemistry Laboratory,WBL-M-028,8kr+qfmeu1FQ7vvHWE7F/A==,5NMApxg5Cd0pWFY84VRdIg==,NA,20251205T034647Z,RELEASE-2026
9047e926-9c1d-4885-a658-fffe9e2eb52e,2018-12-17,HARV_040.basePlot.ltr,D01,HARV,HARV_040,tower,2018-10-01T16:00:00Z,2018-10-15T16:00:00Z,NEON.LTR.HARV040.20181015.LVS,NEON.LTR.HARV040.20181015.LVS.LIG,A00000032744,1,0.509,31.35,20.39,OK,OK,NA,University of Florida Wetland Biogeochemistry Laboratory,WBL-M-028,8kr+qfmeu1FQ7vvHWE7F/A==,5NMApxg5Cd0pWFY84VRdIg==,NA,20251205T034647Z,RELEASE-2026
a26c8492-fb1d-43aa-9fa9-4c91893dfb46,2018-12-17,HARV_033.basePlot.ltr,D01,HARV,HARV_033,tower,2018-10-01T16:00:00Z,2018-10-15T16:00:00Z,NEON.LTR.HARV033.20181015.LVS,NEON.LTR.HARV033.20181015.LVS.LIG,A00000032781,1,0.513,26,22.31,OK,OK,NA,University of Florida Wetland Biogeochemistry Laboratory,WBL-M-028,8kr+qfmeu1FQ7vvHWE7F/A==,5NMApxg5Cd0pWFY84VRdIg==,NA,20251205T034647Z,RELEASE-2026
50e457d5-1313-4b4e-b1c8-b9d4f636b5c4,2018-12-13,HARV_045.basePlot.ltr,D01,HARV,HARV_045,tower,2018-10-01T16:00:00Z,2018-10-15T16:00:00Z,NEON.LTR.HARV045.20181015.LVS,NEON.LTR.HARV045.20181015.LVS.LIG,A00000032814,1,0.532,27.7,23.21,OK,OK,NA,University of Florida Wetland Biogeochemistry Laboratory,WBL-M-028,8kr+qfmeu1FQ7vvHWE7F/A==,5NMApxg5Cd0pWFY84VRdIg==,NA,20251205T034647Z,RELEASE-2026
d3ebcd87-08a2-4c61-b23b-6d80ec48004d,2018-12-13,HARV_052.basePlot.ltr,D01,HARV,HARV_052,tower,2018-10-01T16:00:00Z,2018-10-15T16:00:00Z,NEON.LTR.HARV052.20181015.LVS,NEON.LTR.HARV052.20181015.LVS.LIG,A00000032763,1,0.527,28.03,23.09,OK,OK,NA,University of Florida Wetland Biogeochemistry Laboratory,WBL-M-028,8kr+qfmeu1FQ7vvHWE7F/A==,5NMApxg5Cd0pWFY84VRdIg==,NA,20251205T034647Z,RELEASE-2026
f88eb6fa-9683-485c-9234-59b1f8bfb8ed,2018-12-13,HARV_041.basePlot.ltr,D01,HARV,HARV_041,tower,2018-10-01T16:00:00Z,2018-10-15T16:00:00Z,NEON.LTR.HARV041.20181015.LVS,NEON.LTR.HARV041.20181015.LVS.LIG,A00000032839,1,0.538,28.74,19.21,OK,OK,NA,University of Florida Wetland Biogeochemistry Laboratory,WBL-M-028,8kr+qfmeu1FQ7vvHWE7F/A==,5NMApxg5Cd0pWFY84VRdIg==,NA,20251205T034647Z,RELEASE-2026
b74781df-3a4e-4986-a13a-c990d2705012,2018-12-13,HARV_051.basePlot.ltr,D01,HARV,HARV_051,tower,2018-10-01T16:00:00Z,2018-10-15T16:00:00Z,NEON.LTR.HARV051.20181015.LVS,NEON.LTR.HARV051.20181015.LVS.LIG,A00000032842,1,0.512,27.31,22.57,OK,OK,NA,University of Florida Wetland Biogeochemistry Laboratory,WBL-M-028,8kr+qfmeu1FQ7vvHWE7F/A==,5NMApxg5Cd0pWFY84VRdIg==,NA,20251205T034647Z,RELEASE-2026
315782c3-82ea-489f-9189-1fdb0df7a429,2018-12-13,HARV_041.basePlot.ltr,D01,HARV,HARV_041,tower,2018-10-01T16:00:00Z,2018-10-15T16:00:00Z,NEON.LTR.HARV041.20181015.NDL,NEON.LTR.HARV041.20181015.NDL.LIG,A00000032804,1,0.522,29.05,23.34,OK,OK,NA,University of Florida Wetland Biogeochemistry Laboratory,WBL-M-028,8kr+qfmeu1FQ7vvHWE7F/A==,5NMApxg5Cd0pWFY84VRdIg==,NA,20251205T034647Z,RELEASE-2026
912aa6e2-b753-4c16-bc6e-facfae862ab6,2018-12-17,HARV_039.basePlot.ltr,D01,HARV,HARV_039,tower,2018-10-01T16:00:00Z,2018-10-16T16:00:00Z,NEON.LTR.HARV039.20181016.NDL,NEON.LTR.HARV039.20181016.NDL.LIG,A00000032770,1,0.513,30.28,22.9,OK,OK,NA,University of Florida Wetland Biogeochemistry Laboratory,WBL-M-028,8kr+qfmeu1FQ7vvHWE7F/A==,5NMApxg5Cd0pWFY84VRdIg==,NA,20251205T034647Z,RELEASE-2026
22902b5b-526d-42d1-bd46-1e6b3e2ca445,2018-12-17,HARV_034.basePlot.ltr,D01,HARV,HARV_034,tower,2018-10-01T16:00:00Z,2018-10-16T16:00:00Z,NEON.LTR.HARV034.20181016.NDL,NEON.LTR.HARV034.20181016.NDL.LIG,A00000032769,1,0.548,28.66,22.31,OK,OK,NA,University of Florida Wetland Biogeochemistry Laboratory,WBL-M-028,8kr+qfmeu1FQ7vvHWE7F/A==,5NMApxg5Cd0pWFY84VRdIg==,NA,20251205T034647Z,RELEASE-2026
1e3d2e09-7915-4b8f-a53f-9595df3ed1ae,2018-12-13,HARV_042.basePlot.ltr,D01,HARV,HARV_042,tower,2018-10-01T16:00:00Z,2018-10-16T16:00:00Z,NEON.LTR.HARV042.20181016.NDL,NEON.LTR.HARV042.20181016.NDL.LIG,A00000032751,1,0.511,32.55,23.62,OK,OK,NA,University of Florida Wetland Biogeochemistry Laboratory,WBL-M-028,8kr+qfmeu1FQ7vvHWE7F/A==,5NMApxg5Cd0pWFY84VRdIg==,NA,20251205T034647Z,RELEASE-2026
532ab150-a2d6-4112-bd04-e588c1ced8ae,2018-12-17,HARV_034.basePlot.ltr,D01,HARV,HARV_034,tower,2018-10-01T16:00:00Z,2018-10-16T16:00:00Z,NEON.LTR.HARV034.20181016.NDL,NEON.LTR.HARV034.20181016.NDL.LIG,A00000032769,2,0.543,28.78,21.45,OK,OK,NA,University of Florida Wetland Biogeochemistry Laboratory,WBL-M-028,8kr+qfmeu1FQ7vvHWE7F/A==,5NMApxg5Cd0pWFY84VRdIg==,NA,20251205T034647Z,RELEASE-2026
3dc56c59-b5e0-4a83-9623-967f67eaf1a1,2018-12-13,HARV_047.basePlot.ltr,D01,HARV,HARV_047,tower,2018-10-01T16:00:00Z,2018-10-16T16:00:00Z,NEON.LTR.HARV047.20181016.LVS,NEON.LTR.HARV047.20181016.LVS.LIG,A00000032780,1,0.518,27.06,23.68,OK,OK,NA,University of Florida Wetland Biogeochemistry Laboratory,WBL-M-028,8kr+qfmeu1FQ7vvHWE7F/A==,5NMApxg5Cd0pWFY84VRdIg==,NA,20251205T034647Z,RELEASE-2026
e99d9bb2-1484-4afe-9d8e-7877632bf840,2018-12-13,HARV_044.basePlot.ltr,D01,HARV,HARV_044,tower,2018-10-01T16:00:00Z,2018-10-16T16:00:00Z,NEON.LTR.HARV044.20181016.LVS,NEON.LTR.HARV044.20181016.LVS.LIG,A00000032801,1,0.528,25.87,21.52,OK,OK,NA,University of Florida Wetland Biogeochemistry Laboratory,WBL-M-028,8kr+qfmeu1FQ7vvHWE7F/A==,5NMApxg5Cd0pWFY84VRdIg==,NA,20251205T034647Z,RELEASE-2026
fb1a2521-c650-41b6-beb9-a7b5228ab33d,2018-12-17,HARV_039.basePlot.ltr,D01,HARV,HARV_039,tower,2018-10-01T16:00:00Z,2018-10-16T16:00:00Z,NEON.LTR.HARV039.20181016.LVS,NEON.LTR.HARV039.20181016.LVS.LIG,A00000032787,1,0.515,24.84,19.19,OK,OK,NA,University of Florida Wetland Biogeochemistry Laboratory,WBL-M-028,8kr+qfmeu1FQ7vvHWE7F/A==,5NMApxg5Cd0pWFY84VRdIg==,NA,20251205T034647Z,RELEASE-2026
f4ec834e-e657-4f89-821d-ae4b4cc6fe63,2018-12-17,HARV_034.basePlot.ltr,D01,HARV,HARV_034,tower,2018-10-01T16:00:00Z,2018-10-16T16:00:00Z,NEON.LTR.HARV034.20181016.LVS,NEON.LTR.HARV034.20181016.LVS.LIG,A00000032812,1,0.504,26.11,20.84,OK,OK,NA,University of Florida Wetland Biogeochemistry Laboratory,WBL-M-028,8kr+qfmeu1FQ7vvHWE7F/A==,5NMApxg5Cd0pWFY84VRdIg==,NA,20251205T034647Z,RELEASE-2026
85f2fea3-ed7a-489a-b386-77c815bb5f4b,2018-12-13,HARV_042.basePlot.ltr,D01,HARV,HARV_042,tower,2018-10-01T16:00:00Z,2018-10-16T16:00:00Z,NEON.LTR.HARV042.20181016.LVS,NEON.LTR.HARV042.20181016.LVS.LIG,A00000032752,1,0.53,28.44,22.03,OK,OK,NA,University of Florida Wetland Biogeochemistry Laboratory,WBL-M-028,8kr+qfmeu1FQ7vvHWE7F/A==,5NMApxg5Cd0pWFY84VRdIg==,NA,20251205T034647Z,RELEASE-2026
a5929d07-e780-46d0-bdde-8e76017ce524,2018-12-13,HARV_044.basePlot.ltr,D01,HARV,HARV_044,tower,2018-10-01T16:00:00Z,2018-10-16T16:00:00Z,NEON.LTR.HARV044.20181016.NDL,NEON.LTR.HARV044.20181016.NDL.LIG,A00000032803,1,0.528,33.02,24.93,OK,OK,NA,University of Florida Wetland Biogeochemistry Laboratory,WBL-M-028,8kr+qfmeu1FQ7vvHWE7F/A==,5NMApxg5Cd0pWFY84VRdIg==,NA,20251205T034647Z,RELEASE-2026
ff40fdab-806e-4d21-b321-ddcddc2404b0,2025-02-12,HARV,D01,HARV,NA,NA,2024-04-01T16:00:00Z,2024-04-30T16:00:00Z,NEON.LTR.HARV.2024.TWI,NEON.LTR.HARV.2024.TWI.LIG,A00000321898,1,0.478,32.16,32.05,OK,OK,NA,A and L Great Lakes,SOP APF-10-024,Nxkz/TUp5W0=,CiJPjd2CIin000O9ujraZQ==,NA,20251206T185845Z,RELEASE-2026
ddea3a09-2ce4-46f3-9b69-5191fa9eda02,2025-02-12,HARV,D01,HARV,NA,NA,2024-04-01T16:00:00Z,2024-04-30T16:00:00Z,NEON.LTR.HARV.2024.WDY,NEON.LTR.HARV.2024.WDY.LIG,A00000321836,1,0.468,32.47,33.76,OK,OK,NA,A and L Great Lakes,SOP APF-10-024,Nxkz/TUp5W0=,CiJPjd2CIin000O9ujraZQ==,NA,20251206T185845Z,RELEASE-2026
33897bf4-233b-4b3f-ad22-eb5065504835,2025-02-12,HARV,D01,HARV,NA,NA,2024-04-29T16:00:00Z,2024-05-27T16:00:00Z,NEON.LTR.HARV.2024.OTH,NEON.LTR.HARV.2024.OTH.LIG,A00000321858,1,0.464,32.68,27.9,OK,OK,NA,A and L Great Lakes,SOP APF-10-024,Nxkz/TUp5W0=,CiJPjd2CIin000O9ujraZQ==,NA,20251206T213303Z,RELEASE-2026
1462b8f4-61a2-4a99-8b46-80ea709a0ae4,2025-02-12,HARV,D01,HARV,NA,NA,2024-04-29T16:00:00Z,2024-05-27T16:00:00Z,NEON.LTR.HARV.2024.MXT,NEON.LTR.HARV.2024.MXT.LIG,A00000321806,1,0.496,34.3,23.32,OK,OK,NA,A and L Great Lakes,SOP APF-10-024,Nxkz/TUp5W0=,CiJPjd2CIin000O9ujraZQ==,NA,20251206T213303Z,RELEASE-2026
b73fcf0b-f826-428e-9ce1-f3b6e84e7b3c,2025-02-12,HARV,D01,HARV,NA,NA,2024-04-29T16:00:00Z,2024-05-27T16:00:00Z,NEON.LTR.HARV.2024.FLR,NEON.LTR.HARV.2024.FLR.LIG,A00000321878,1,0.465,23.55,21.54,OK,OK,NA,A and L Great Lakes,SOP APF-10-024,Nxkz/TUp5W0=,CiJPjd2CIin000O9ujraZQ==,NA,20251206T213303Z,RELEASE-2026
61eb3c4b-e9d5-4266-b9db-6f3ea3b94318,2025-02-12,HARV,D01,HARV,NA,NA,2024-09-16T16:00:00Z,2024-09-30T16:00:00Z,NEON.LTR.HARV.2024.SDS,NEON.LTR.HARV.2024.SDS.LIG,A00000321932,1,0.484,13.22,23.29,OK,OK,NA,A and L Great Lakes,SOP APF-10-024,Nxkz/TUp5W0=,CiJPjd2CIin000O9ujraZQ==,NA,20251206T182235Z,RELEASE-2026
095b4b2f-6d64-43b4-92e7-6df1ff246890,2025-02-12,HARV_042.basePlot.ltr,D01,HARV,HARV_042,tower,2024-09-30T16:00:00Z,2024-10-14T16:00:00Z,NEON.LTR.HARV042.20241014.LVS,NEON.LTR.HARV042.20241014.LVS.LIG,A00000321842,1,0.476,26.91,18.5,OK,OK,NA,A and L Great Lakes,SOP APF-10-024,Nxkz/TUp5W0=,CiJPjd2CIin000O9ujraZQ==,NA,20251206T191104Z,RELEASE-2026
e7980455-0dac-4e0d-a972-7970d7f7f6f3,2025-02-12,HARV_033.basePlot.ltr,D01,HARV,HARV_033,tower,2024-09-30T16:00:00Z,2024-10-14T16:00:00Z,NEON.LTR.HARV033.20241014.LVS,NEON.LTR.HARV033.20241014.LVS.LIG,A00000321894,1,0.48,20.76,20.75,OK,OK,NA,A and L Great Lakes,SOP APF-10-024,Nxkz/TUp5W0=,CiJPjd2CIin000O9ujraZQ==,NA,20251206T191104Z,RELEASE-2026
cab9c916-f9bb-4c24-94e2-7f1d5a94e61c,2025-02-12,HARV_040.basePlot.ltr,D01,HARV,HARV_040,tower,2024-09-30T16:00:00Z,2024-10-14T16:00:00Z,NEON.LTR.HARV040.20241014.LVS,NEON.LTR.HARV040.20241014.LVS.LIG,A00000321854,1,0.468,32.83,19.91,OK,OK,NA,A and L Great Lakes,SOP APF-10-024,Nxkz/TUp5W0=,CiJPjd2CIin000O9ujraZQ==,NA,20251206T191104Z,RELEASE-2026
68479ad9-76cb-4d92-bbc6-a889430a437c,2025-02-12,HARV_035.basePlot.ltr,D01,HARV,HARV_035,tower,2024-09-30T16:00:00Z,2024-10-14T16:00:00Z,NEON.LTR.HARV035.20241014.NDL,NEON.LTR.HARV035.20241014.NDL.LIG,A00000321873,1,0.478,17.45,18.94,OK,OK,NA,A and L Great Lakes,SOP APF-10-024,Nxkz/TUp5W0=,CiJPjd2CIin000O9ujraZQ==,NA,20251206T191104Z,RELEASE-2026
256ceff7-1775-48d1-846c-f4f0ebe828c5,2025-02-12,HARV_047.basePlot.ltr,D01,HARV,HARV_047,tower,2024-09-30T16:00:00Z,2024-10-14T16:00:00Z,NEON.LTR.HARV047.20241014.LVS,NEON.LTR.HARV047.20241014.LVS.LIG,A00000321913,1,0.498,22.27,18.58,OK,OK,NA,A and L Great Lakes,SOP APF-10-024,Nxkz/TUp5W0=,CiJPjd2CIin000O9ujraZQ==,NA,20251206T191104Z,RELEASE-2026
f2bcb067-9864-4593-a9ef-cf039bac9ad8,2025-02-12,HARV_046.basePlot.ltr,D01,HARV,HARV_046,tower,2024-09-30T16:00:00Z,2024-10-14T16:00:00Z,NEON.LTR.HARV046.20241014.NDL,NEON.LTR.HARV046.20241014.NDL.LIG,A00000321930,1,0.5,27.94,21.28,OK,OK,NA,A and L Great Lakes,SOP APF-10-024,Nxkz/TUp5W0=,CiJPjd2CIin000O9ujraZQ==,NA,20251206T191104Z,RELEASE-2026
03996233-d73d-4b0c-b466-f9eb21ba21ba,2025-02-12,HARV_039.basePlot.ltr,D01,HARV,HARV_039,tower,2024-09-30T16:00:00Z,2024-10-14T16:00:00Z,NEON.LTR.HARV039.20241014.LVS,NEON.LTR.HARV039.20241014.LVS.LIG,A00000321837,1,0.464,23.22,16.87,OK,OK,NA,A and L Great Lakes,SOP APF-10-024,Nxkz/TUp5W0=,CiJPjd2CIin000O9ujraZQ==,NA,20251206T191104Z,RELEASE-2026
78aa3602-aeea-47c0-9908-f6b1f76a3182,2025-02-12,HARV_039.basePlot.ltr,D01,HARV,HARV_039,tower,2024-09-30T16:00:00Z,2024-10-14T16:00:00Z,NEON.LTR.HARV039.20241014.NDL,NEON.LTR.HARV039.20241014.NDL.LIG,A00000321906,1,0.466,30.94,20.65,OK,OK,NA,A and L Great Lakes,SOP APF-10-024,Nxkz/TUp5W0=,CiJPjd2CIin000O9ujraZQ==,NA,20251206T191104Z,RELEASE-2026
e91e9d49-9122-494d-b91f-beef91761fab,2025-02-12,HARV_046.basePlot.ltr,D01,HARV,HARV_046,tower,2024-09-30T16:00:00Z,2024-10-14T16:00:00Z,NEON.LTR.HARV046.20241014.LVS,NEON.LTR.HARV046.20241014.LVS.LIG,A00000321822,1,0.495,17.22,14.77,OK,OK,NA,A and L Great Lakes,SOP APF-10-024,Nxkz/TUp5W0=,CiJPjd2CIin000O9ujraZQ==,NA,20251206T191104Z,RELEASE-2026
741d3879-f4ce-4422-9479-e6d2792e42ed,2025-02-12,HARV_044.basePlot.ltr,D01,HARV,HARV_044,tower,2024-09-30T16:00:00Z,2024-10-14T16:00:00Z,NEON.LTR.HARV044.20241014.NDL,NEON.LTR.HARV044.20241014.NDL.LIG,A00000321928,1,0.473,22.99,21.56,OK,OK,NA,A and L Great Lakes,SOP APF-10-024,Nxkz/TUp5W0=,CiJPjd2CIin000O9ujraZQ==,NA,20251206T191104Z,RELEASE-2026
587ddade-9ac3-417f-b6fd-f2a6c81736d1,2025-02-12,HARV_042.basePlot.ltr,D01,HARV,HARV_042,tower,2024-09-30T16:00:00Z,2024-10-14T16:00:00Z,NEON.LTR.HARV042.20241014.NDL,NEON.LTR.HARV042.20241014.NDL.LIG,A00000321925,1,0.487,31.55,21.7,OK,OK,NA,A and L Great Lakes,SOP APF-10-024,Nxkz/TUp5W0=,CiJPjd2CIin000O9ujraZQ==,NA,20251206T191104Z,RELEASE-2026
7c8c35b5-518f-4f25-ab85-8e20004cfa32,2025-02-12,HARV_034.basePlot.ltr,D01,HARV,HARV_034,tower,2024-09-30T16:00:00Z,2024-10-14T16:00:00Z,NEON.LTR.HARV034.20241014.NDL,NEON.LTR.HARV034.20241014.NDL.LIG,A00000321852,1,0.494,22.65,19.95,OK,OK,NA,A and L Great Lakes,SOP APF-10-024,Nxkz/TUp5W0=,CiJPjd2CIin000O9ujraZQ==,NA,20251206T191104Z,RELEASE-2026
8e5c5ce6-457d-4e75-a2ad-dd1192a75356,2025-02-12,HARV_035.basePlot.ltr,D01,HARV,HARV_035,tower,2024-09-30T16:00:00Z,2024-10-14T16:00:00Z,NEON.LTR.HARV035.20241014.LVS,NEON.LTR.HARV035.20241014.LVS.LIG,A00000321874,1,0.476,26.02,18.45,OK,OK,NA,A and L Great Lakes,SOP APF-10-024,Nxkz/TUp5W0=,CiJPjd2CIin000O9ujraZQ==,NA,20251206T191104Z,RELEASE-2026
0045452e-862d-48cf-8a58-84eb0cac34ed,2025-02-12,HARV_040.basePlot.ltr,D01,HARV,HARV_040,tower,2024-09-30T16:00:00Z,2024-10-14T16:00:00Z,NEON.LTR.HARV040.20241014.NDL,NEON.LTR.HARV040.20241014.NDL.LIG,A00000321907,1,0.468,31.93,20.96,OK,OK,NA,A and L Great Lakes,SOP APF-10-024,Nxkz/TUp5W0=,CiJPjd2CIin000O9ujraZQ==,NA,20251206T191104Z,RELEASE-2026
111ee14f-b124-4e7c-8dee-c934ce250b10,2025-02-12,HARV_038.basePlot.ltr,D01,HARV,HARV_038,tower,2024-09-30T16:00:00Z,2024-10-14T16:00:00Z,NEON.LTR.HARV038.20241014.LVS,NEON.LTR.HARV038.20241014.LVS.LIG,A00000321813,1,0.468,20.64,15.8,OK,OK,NA,A and L Great Lakes,SOP APF-10-024,Nxkz/TUp5W0=,CiJPjd2CIin000O9ujraZQ==,NA,20251206T191104Z,RELEASE-2026
69d04a46-1958-4b83-9b30-2144839adcc3,2025-02-12,HARV_044.basePlot.ltr,D01,HARV,HARV_044,tower,2024-09-30T16:00:00Z,2024-10-14T16:00:00Z,NEON.LTR.HARV044.20241014.LVS,NEON.LTR.HARV044.20241014.LVS.LIG,A00000321833,1,0.475,17.9,16.33,OK,OK,NA,A and L Great Lakes,SOP APF-10-024,Nxkz/TUp5W0=,CiJPjd2CIin000O9ujraZQ==,NA,20251206T191104Z,RELEASE-2026
3a172aeb-4065-4fb2-bfac-81ae0e1a4848,2025-02-12,HARV_038.basePlot.ltr,D01,HARV,HARV_038,tower,2024-09-30T16:00:00Z,2024-10-14T16:00:00Z,NEON.LTR.HARV038.20241014.NDL,NEON.LTR.HARV038.20241014.NDL.LIG,A00000321908,1,0.472,22.88,19.53,OK,OK,NA,A and L Great Lakes,SOP APF-10-024,Nxkz/TUp5W0=,CiJPjd2CIin000O9ujraZQ==,NA,20251206T191104Z,RELEASE-2026
aac75953-0e6a-4038-a582-18fb854cf22a,2025-02-12,HARV_033.basePlot.ltr,D01,HARV,HARV_033,tower,2024-09-30T16:00:00Z,2024-10-14T16:00:00Z,NEON.LTR.HARV033.20241014.NDL,NEON.LTR.HARV033.20241014.NDL.LIG,A00000321903,1,0.494,31.07,20.03,OK,OK,NA,A and L Great Lakes,SOP APF-10-024,Nxkz/TUp5W0=,CiJPjd2CIin000O9ujraZQ==,NA,20251206T191104Z,RELEASE-2026
94ed7603-e95f-4638-85b9-f793ea8322e5,2025-02-12,HARV_034.basePlot.ltr,D01,HARV,HARV_034,tower,2024-09-30T16:00:00Z,2024-10-14T16:00:00Z,NEON.LTR.HARV034.20241014.LVS,NEON.LTR.HARV034.20241014.LVS.LIG,A00000321911,1,0.468,24.84,19.68,OK,OK,NA,A and L Great Lakes,SOP APF-10-024,Nxkz/TUp5W0=,CiJPjd2CIin000O9ujraZQ==,NA,20251206T191104Z,RELEASE-2026
0b5015a8-4c62-4d73-b3f1-8da1e82ebb69,2018-01-26,SCBI_058.basePlot.ltr,D02,SCBI,SCBI_058,tower,2017-10-31T16:00:00Z,2017-11-13T17:00:00Z,NEON.LTR.SCBI058.20171113.LVS,NEON.LTR.SCBI058.20171113.LVS.LIG,NA,1,0.511,23.15,23.69,OK,OK,NA,University of Florida Wetland Biogeochemistry Laboratory,WBL-M-028,bKF36824dpcABkIQiw5BLQ==,5NMApxg5Cd0pWFY84VRdIg==,NA,20251205T002657Z,RELEASE-2026
4435040d-734f-423f-a3d4-8b316bd2a39a,2018-01-26,SCBI_066.basePlot.ltr,D02,SCBI,SCBI_066,tower,2017-10-31T16:00:00Z,2017-11-13T17:00:00Z,NEON.LTR.SCBI066.20171113.LVS,NEON.LTR.SCBI066.20171113.LVS.LIG,NA,1,0.514,19.55,26.03,OK,OK,NA,University of Florida Wetland Biogeochemistry Laboratory,WBL-M-028,bKF36824dpcABkIQiw5BLQ==,5NMApxg5Cd0pWFY84VRdIg==,NA,20251205T002657Z,RELEASE-2026
39290c52-d4c9-4f2c-aa86-d2db4d99c177,2018-01-26,SCBI_056.basePlot.ltr,D02,SCBI,SCBI_056,tower,2017-10-31T16:00:00Z,2017-11-13T17:00:00Z,NEON.LTR.SCBI056.20171113.LVS,NEON.LTR.SCBI056.20171113.LVS.LIG,NA,1,0.562,21.79,23.6,OK,OK,NA,University of Florida Wetland Biogeochemistry Laboratory,WBL-M-028,bKF36824dpcABkIQiw5BLQ==,5NMApxg5Cd0pWFY84VRdIg==,NA,20251205T002657Z,RELEASE-2026
3dc4bb0d-668b-4795-8031-3a40a2a70c7d,2018-01-26,SCBI_064.basePlot.ltr,D02,SCBI,SCBI_064,tower,2017-10-31T16:00:00Z,2017-11-13T17:00:00Z,NEON.LTR.SCBI064.20171113.LVS,NEON.LTR.SCBI064.20171113.LVS.LIG,NA,1,0.586,18.97,22.94,OK,OK,NA,University of Florida Wetland Biogeochemistry Laboratory,WBL-M-028,bKF36824dpcABkIQiw5BLQ==,5NMApxg5Cd0pWFY84VRdIg==,NA,20251205T002657Z,RELEASE-2026
f256be4e-2b17-4197-9968-fc1003a55f5d,2018-01-26,SCBI_047.basePlot.ltr,D02,SCBI,SCBI_047,tower,2017-10-31T16:00:00Z,2017-11-13T17:00:00Z,NEON.LTR.SCBI047.20171113.LVS,NEON.LTR.SCBI047.20171113.LVS.LIG,NA,1,0.522,18.28,26.43,OK,OK,NA,University of Florida Wetland Biogeochemistry Laboratory,WBL-M-028,bKF36824dpcABkIQiw5BLQ==,5NMApxg5Cd0pWFY84VRdIg==,NA,20251205T002657Z,RELEASE-2026
f0330197-e335-40a2-81d8-5fe0b493229b,2018-01-26,SCBI_045.basePlot.ltr,D02,SCBI,SCBI_045,tower,2017-10-31T16:00:00Z,2017-11-13T17:00:00Z,NEON.LTR.SCBI045.20171113.LVS,NEON.LTR.SCBI045.20171113.LVS.LIG,NA,1,0.59,22.64,24.16,OK,OK,NA,University of Florida Wetland Biogeochemistry Laboratory,WBL-M-028,bKF36824dpcABkIQiw5BLQ==,5NMApxg5Cd0pWFY84VRdIg==,NA,20251205T002657Z,RELEASE-2026
eaa8e890-3cd1-40bf-aff3-70645a428c1a,2018-01-26,SCBI_063.basePlot.ltr,D02,SCBI,SCBI_063,tower,2017-10-31T16:00:00Z,2017-11-13T17:00:00Z,NEON.LTR.SCBI063.20171113.LVS,NEON.LTR.SCBI063.20171113.LVS.LIG,NA,1,0.575,17.44,25.63,OK,OK,NA,University of Florida Wetland Biogeochemistry Laboratory,WBL-M-028,bKF36824dpcABkIQiw5BLQ==,5NMApxg5Cd0pWFY84VRdIg==,NA,20251205T002657Z,RELEASE-2026
f97c86c2-8c46-49cf-945a-e57fb064718e,2018-01-26,SCBI_048.basePlot.ltr,D02,SCBI,SCBI_048,tower,2017-10-31T16:00:00Z,2017-11-13T17:00:00Z,NEON.LTR.SCBI048.20171113.LVS,NEON.LTR.SCBI048.20171113.LVS.LIG,NA,2,0.527,22.29,24.42,OK,OK,NA,University of Florida Wetland Biogeochemistry Laboratory,WBL-M-028,bKF36824dpcABkIQiw5BLQ==,5NMApxg5Cd0pWFY84VRdIg==,NA,20251205T002657Z,RELEASE-2026
4cb45a8b-523d-474f-99ae-5e10d7acc1fa,2018-01-26,SCBI_054.basePlot.ltr,D02,SCBI,SCBI_054,tower,2017-10-31T16:00:00Z,2017-11-13T17:00:00Z,NEON.LTR.SCBI054.20171113.LVS,NEON.LTR.SCBI054.20171113.LVS.LIG,NA,1,0.543,23.12,22.56,OK,OK,NA,University of Florida Wetland Biogeochemistry Laboratory,WBL-M-028,bKF36824dpcABkIQiw5BLQ==,5NMApxg5Cd0pWFY84VRdIg==,NA,20251205T002657Z,RELEASE-2026
cc5124e9-28ad-44a5-856a-96082731b2a3,2018-01-26,SCBI_048.basePlot.ltr,D02,SCBI,SCBI_048,tower,2017-10-31T16:00:00Z,2017-11-13T17:00:00Z,NEON.LTR.SCBI048.20171113.LVS,NEON.LTR.SCBI048.20171113.LVS.LIG,NA,1,0.519,21.69,24.82,OK,OK,NA,University of Florida Wetland Biogeochemistry Laboratory,WBL-M-028,bKF36824dpcABkIQiw5BLQ==,5NMApxg5Cd0pWFY84VRdIg==,NA,20251205T002657Z,RELEASE-2026
a6c92a8a-e3bc-40b3-a15c-59b40dfab614,2018-01-26,SCBI_053.basePlot.ltr,D02,SCBI,SCBI_053,tower,2017-10-31T16:00:00Z,2017-11-13T17:00:00Z,NEON.LTR.SCBI053.20171113.LVS,NEON.LTR.SCBI053.20171113.LVS.LIG,NA,1,0.552,18.2,24.4,OK,OK,NA,University of Florida Wetland Biogeochemistry Laboratory,WBL-M-028,bKF36824dpcABkIQiw5BLQ==,5NMApxg5Cd0pWFY84VRdIg==,NA,20251205T002657Z,RELEASE-2026
ecf66fb6-c099-4632-a62f-9b01d8e96855,2018-01-26,SCBI_062.basePlot.ltr,D02,SCBI,SCBI_062,tower,2017-10-31T16:00:00Z,2017-11-13T17:00:00Z,NEON.LTR.SCBI062.20171113.LVS,NEON.LTR.SCBI062.20171113.LVS.LIG,NA,1,0.54,20.18,25.24,OK,OK,NA,University of Florida Wetland Biogeochemistry Laboratory,WBL-M-028,bKF36824dpcABkIQiw5BLQ==,5NMApxg5Cd0pWFY84VRdIg==,NA,20251205T002657Z,RELEASE-2026
285756f1-5cea-4d38-b1b0-5d05eaeb77f1,2018-01-26,SCBI_046.basePlot.ltr,D02,SCBI,SCBI_046,tower,2017-10-31T16:00:00Z,2017-11-13T17:00:00Z,NEON.LTR.SCBI046.20171113.LVS,NEON.LTR.SCBI046.20171113.LVS.LIG,NA,1,0.596,28.45,27.12,OK,OK,NA,University of Florida Wetland Biogeochemistry Laboratory,WBL-M-028,bKF36824dpcABkIQiw5BLQ==,5NMApxg5Cd0pWFY84VRdIg==,NA,20251205T002657Z,RELEASE-2026
8e5e300a-e01a-4a42-9cdc-25ca35948f19,2023-09-01,SCBI,D02,SCBI,NA,NA,2022-02-07T17:00:00Z,2022-04-12T16:00:00Z,NEON.LTR.SCBI.2022.WDY,NEON.LTR.SCBI.2022.WDY.LIG,A00000170684,1,0.464,34.2,26.68,OK,OK,NA,A and L Great Lakes,SOP APF-10-024,g2Nnhw2rHMc=,CiJPjd2CIin000O9ujraZQ==,NA,20251206T061018Z,RELEASE-2026
cd6ec37f-4d24-4f23-99af-69fbe547e3da,2023-09-01,SCBI,D02,SCBI,NA,NA,2022-02-07T17:00:00Z,2022-04-12T16:00:00Z,NEON.LTR.SCBI.2022.TWI,NEON.LTR.SCBI.2022.TWI.LIG,A00000170699,1,0.487,22.64,39.01,OK,OK,NA,A and L Great Lakes,SOP APF-10-024,g2Nnhw2rHMc=,CiJPjd2CIin000O9ujraZQ==,NA,20251206T061018Z,RELEASE-2026
3069153c-bc51-4e8c-88f9-c5a05e62b2d2,2023-09-01,SCBI,D02,SCBI,NA,NA,2022-04-12T16:00:00Z,2022-06-01T16:00:00Z,NEON.LTR.SCBI.2022.MXT,NEON.LTR.SCBI.2022.MXT.LIG,A00000170690,1,0.494,25.59,23.62,OK,OK,NA,A and L Great Lakes,SOP APF-10-024,g2Nnhw2rHMc=,CiJPjd2CIin000O9ujraZQ==,NA,20251206T032608Z,RELEASE-2026
d4c9ad7f-476c-457b-b3fa-356900f6032e,2023-09-01,SCBI,D02,SCBI,NA,NA,2022-04-12T16:00:00Z,2022-06-01T16:00:00Z,NEON.LTR.SCBI.2022.FLR,NEON.LTR.SCBI.2022.FLR.LIG,A00000170687,1,0.481,15.74,24,OK,OK,NA,A and L Great Lakes,SOP APF-10-024,g2Nnhw2rHMc=,CiJPjd2CIin000O9ujraZQ==,NA,20251206T032608Z,RELEASE-2026
84cae011-0b18-4369-b87b-f61ee70bdf63,2023-09-01,SCBI,D02,SCBI,NA,NA,2022-07-26T16:00:00Z,2022-08-30T16:00:00Z,NEON.LTR.SCBI.2022.OTH,NEON.LTR.SCBI.2022.OTH.LIG,A00000170693,1,0.461,16.01,23.23,OK,OK,NA,A and L Great Lakes,SOP APF-10-024,g2Nnhw2rHMc=,CiJPjd2CIin000O9ujraZQ==,NA,20251206T033351Z,RELEASE-2026
b0afe5a1-380e-4fd0-a742-945deb8a4261,2023-09-01,SCBI,D02,SCBI,NA,NA,2022-10-24T16:00:00Z,2022-11-07T17:00:00Z,NEON.LTR.SCBI.2022.SDS,NEON.LTR.SCBI.2022.SDS.LIG,A00000170696,1,0.468,27.91,38.67,OK,OK,NA,A and L Great Lakes,SOP APF-10-024,g2Nnhw2rHMc=,CiJPjd2CIin000O9ujraZQ==,NA,20251206T033124Z,RELEASE-2026
2fd1a8e3-3bcb-49f2-bb46-b482b44d579d,2023-09-01,SCBI_062.basePlot.ltr,D02,SCBI,SCBI_062,tower,2022-10-24T16:00:00Z,2022-11-07T17:00:00Z,NEON.LTR.SCBI062.20221107.LVS,NEON.LTR.SCBI062.20221107.LVS.LIG,A00000170670,1,0.492,17.41,24.31,OK,OK,NA,A and L Great Lakes,SOP APF-10-024,g2Nnhw2rHMc=,CiJPjd2CIin000O9ujraZQ==,NA,20251206T033124Z,RELEASE-2026
16d48ebd-6818-47e1-ba78-b83990772dc2,2023-09-01,SCBI_050.basePlot.ltr,D02,SCBI,SCBI_050,tower,2022-10-24T16:00:00Z,2022-11-07T17:00:00Z,NEON.LTR.SCBI050.20221107.LVS,NEON.LTR.SCBI050.20221107.LVS.LIG,A00000170662,1,0.479,19.23,20.84,OK,OK,NA,A and L Great Lakes,SOP APF-10-024,g2Nnhw2rHMc=,CiJPjd2CIin000O9ujraZQ==,NA,20251206T033124Z,RELEASE-2026
faf80c95-568a-43f0-b5cf-4141094c94d1,2023-09-01,SCBI_053.basePlot.ltr,D02,SCBI,SCBI_053,tower,2022-10-24T16:00:00Z,2022-11-07T17:00:00Z,NEON.LTR.SCBI053.20221107.LVS,NEON.LTR.SCBI053.20221107.LVS.LIG,A00000170664,1,0.5,18.77,21.52,OK,OK,NA,A and L Great Lakes,SOP APF-10-024,g2Nnhw2rHMc=,CiJPjd2CIin000O9ujraZQ==,NA,20251206T033124Z,RELEASE-2026
9a9f1482-7808-48a7-bbe3-0dc8fcc1df46,2023-09-01,SCBI_045.basePlot.ltr,D02,SCBI,SCBI_045,tower,2022-10-24T16:00:00Z,2022-11-07T17:00:00Z,NEON.LTR.SCBI045.20221107.LVS,NEON.LTR.SCBI045.20221107.LVS.LIG,A00000170653,1,0.479,19.76,20.52,OK,OK,NA,A and L Great Lakes,SOP APF-10-024,g2Nnhw2rHMc=,CiJPjd2CIin000O9ujraZQ==,NA,20251206T033124Z,RELEASE-2026
66a8ce82-f7cb-4d30-8bf6-7859f58445cb,2023-09-01,SCBI_067.basePlot.ltr,D02,SCBI,SCBI_067,tower,2022-10-24T16:00:00Z,2022-11-07T17:00:00Z,NEON.LTR.SCBI067.20221107.LVS,NEON.LTR.SCBI067.20221107.LVS.LIG,A00000170654,1,0.481,16.49,22.8,OK,OK,NA,A and L Great Lakes,SOP APF-10-024,g2Nnhw2rHMc=,CiJPjd2CIin000O9ujraZQ==,NA,20251206T033124Z,RELEASE-2026
a171ea5a-7ece-404e-95ea-df86cd06df04,2023-09-01,SCBI_049.basePlot.ltr,D02,SCBI,SCBI_049,tower,2022-10-24T16:00:00Z,2022-11-07T17:00:00Z,NEON.LTR.SCBI049.20221107.LVS,NEON.LTR.SCBI049.20221107.LVS.LIG,A00000170659,1,0.473,27.3,20.25,OK,OK,NA,A and L Great Lakes,SOP APF-10-024,g2Nnhw2rHMc=,CiJPjd2CIin000O9ujraZQ==,NA,20251206T033124Z,RELEASE-2026
9ebc2d5b-1d6c-48ed-98d4-adb526f932b7,2023-09-01,SCBI_057.basePlot.ltr,D02,SCBI,SCBI_057,tower,2022-10-24T16:00:00Z,2022-11-07T17:00:00Z,NEON.LTR.SCBI057.20221107.LVS,NEON.LTR.SCBI057.20221107.LVS.LIG,A00000170668,1,0.477,20.59,20.82,OK,OK,NA,A and L Great Lakes,SOP APF-10-024,g2Nnhw2rHMc=,CiJPjd2CIin000O9ujraZQ==,NA,20251206T033124Z,RELEASE-2026
b9ca4823-ae42-4b58-8d89-c22a03d6e6f3,2023-09-01,SCBI_047.basePlot.ltr,D02,SCBI,SCBI_047,tower,2022-10-24T16:00:00Z,2022-11-07T17:00:00Z,NEON.LTR.SCBI047.20221107.LVS,NEON.LTR.SCBI047.20221107.LVS.LIG,A00000170658,1,0.485,16.81,22.87,OK,OK,NA,A and L Great Lakes,SOP APF-10-024,g2Nnhw2rHMc=,CiJPjd2CIin000O9ujraZQ==,NA,20251206T033124Z,RELEASE-2026
a739da97-47f2-412f-b370-a76c3fd40d31,2023-09-01,SCBI_058.basePlot.ltr,D02,SCBI,SCBI_058,tower,2022-10-24T16:00:00Z,2022-11-07T17:00:00Z,NEON.LTR.SCBI058.20221107.LVS,NEON.LTR.SCBI058.20221107.LVS.LIG,A00000170671,1,0.484,25.92,23.35,OK,OK,NA,A and L Great Lakes,SOP APF-10-024,g2Nnhw2rHMc=,CiJPjd2CIin000O9ujraZQ==,NA,20251206T033124Z,RELEASE-2026
75ea403b-fa3d-4b32-b63e-832ec8215d42,2023-09-01,SCBI_056.basePlot.ltr,D02,SCBI,SCBI_056,tower,2022-10-24T16:00:00Z,2022-11-07T17:00:00Z,NEON.LTR.SCBI056.20221107.LVS,NEON.LTR.SCBI056.20221107.LVS.LIG,A00000170665,1,0.48,20.72,20.05,OK,OK,NA,A and L Great Lakes,SOP APF-10-024,g2Nnhw2rHMc=,CiJPjd2CIin000O9ujraZQ==,NA,20251206T033124Z,RELEASE-2026
da35da65-c110-43c9-909b-cd486a427adc,2021-12-30,GRSM_053.basePlot.ltr,D07,GRSM,GRSM_053,tower,2021-10-13T16:00:00Z,2021-10-27T16:00:00Z,NEON.LTR.GRSM053.20211027.LVS,NEON.LTR.GRSM053.20211027.LVS.LIG,B00000088687,1,0.482,15.41,20.04,OK,OK,NA,A and L Great Lakes,SOP APF-10-024,5CCjZV/fgtQ=,j+NchQmCR3uWeXRzNkSPNw==,NA,20251206T005534Z,RELEASE-2026
526caf9c-51fa-4716-8b7f-d2ce29fabd37,2021-12-30,GRSM_047.basePlot.ltr,D07,GRSM,GRSM_047,tower,2021-10-13T16:00:00Z,2021-10-27T16:00:00Z,NEON.LTR.GRSM047.20211027.LVS,NEON.LTR.GRSM047.20211027.LVS.LIG,B00000088669,1,0.464,26.37,16.17,OK,OK,NA,A and L Great Lakes,SOP APF-10-024,5CCjZV/fgtQ=,j+NchQmCR3uWeXRzNkSPNw==,NA,20251206T005534Z,RELEASE-2026
ef46917b-92bc-493f-b9cd-1137b3fd7fbb,2021-12-30,GRSM_047.basePlot.ltr,D07,GRSM,GRSM_047,tower,2021-10-13T16:00:00Z,2021-10-27T16:00:00Z,NEON.LTR.GRSM047.20211027.NDL,NEON.LTR.GRSM047.20211027.NDL.LIG,B00000088685,1,0.477,26.46,21.93,OK,OK,NA,A and L Great Lakes,SOP APF-10-024,5CCjZV/fgtQ=,j+NchQmCR3uWeXRzNkSPNw==,NA,20251206T005534Z,RELEASE-2026
a38a4c65-c635-43bd-8e97-3d412c318691,2021-12-30,GRSM_054.basePlot.ltr,D07,GRSM,GRSM_054,tower,2021-10-13T16:00:00Z,2021-10-27T16:00:00Z,NEON.LTR.GRSM054.20211027.LVS,NEON.LTR.GRSM054.20211027.LVS.LIG,B00000088691,1,0.479,18.4,19.06,OK,OK,NA,A and L Great Lakes,SOP APF-10-024,5CCjZV/fgtQ=,j+NchQmCR3uWeXRzNkSPNw==,NA,20251206T005534Z,RELEASE-2026
86970e5f-4457-4a6c-b4af-f443c26b85de,2021-12-30,GRSM_051.basePlot.ltr,D07,GRSM,GRSM_051,tower,2021-10-13T16:00:00Z,2021-10-27T16:00:00Z,NEON.LTR.GRSM051.20211027.NDL,NEON.LTR.GRSM051.20211027.NDL.LIG,B00000088680,1,0.483,29.91,25.67,OK,OK,NA,A and L Great Lakes,SOP APF-10-024,5CCjZV/fgtQ=,j+NchQmCR3uWeXRzNkSPNw==,NA,20251206T005534Z,RELEASE-2026
556d9f60-0732-4609-bcc0-a39551869729,2021-12-30,GRSM_056.basePlot.ltr,D07,GRSM,GRSM_056,tower,2021-10-13T16:00:00Z,2021-10-27T16:00:00Z,NEON.LTR.GRSM056.20211027.LVS,NEON.LTR.GRSM056.20211027.LVS.LIG,B00000088696,1,0.481,28.6,19.63,OK,OK,NA,A and L Great Lakes,SOP APF-10-024,5CCjZV/fgtQ=,j+NchQmCR3uWeXRzNkSPNw==,NA,20251206T005534Z,RELEASE-2026
685ff848-b7a5-48a8-8f60-2fab03c63557,2021-12-30,GRSM_051.basePlot.ltr,D07,GRSM,GRSM_051,tower,2021-10-13T16:00:00Z,2021-10-27T16:00:00Z,NEON.LTR.GRSM051.20211027.LVS,NEON.LTR.GRSM051.20211027.LVS.LIG,B00000088671,1,0.484,27.19,15.55,OK,OK,NA,A and L Great Lakes,SOP APF-10-024,5CCjZV/fgtQ=,j+NchQmCR3uWeXRzNkSPNw==,NA,20251206T005534Z,RELEASE-2026
a683eb27-31d4-41a5-9a87-1f10b2e97ca7,2021-12-30,GRSM_048.basePlot.ltr,D07,GRSM,GRSM_048,tower,2021-10-13T16:00:00Z,2021-10-27T16:00:00Z,NEON.LTR.GRSM048.20211027.LVS,NEON.LTR.GRSM048.20211027.LVS.LIG,B00000088673,1,0.48,24.54,19.92,OK,OK,NA,A and L Great Lakes,SOP APF-10-024,5CCjZV/fgtQ=,j+NchQmCR3uWeXRzNkSPNw==,NA,20251206T005534Z,RELEASE-2026
3411de79-bfe3-4b30-b807-5901877bed57,2021-12-30,GRSM_057.basePlot.ltr,D07,GRSM,GRSM_057,tower,2021-10-14T16:00:00Z,2021-10-27T16:00:00Z,NEON.LTR.GRSM057.20211027.LVS,NEON.LTR.GRSM057.20211027.LVS.LIG,B00000088699,1,0.455,21.82,20.48,OK,OK,NA,A and L Great Lakes,SOP APF-10-024,5CCjZV/fgtQ=,j+NchQmCR3uWeXRzNkSPNw==,NA,20251206T005534Z,RELEASE-2026
bc53bed6-7e7a-4b13-a355-43a8da1da58d,2021-12-30,GRSM_049.basePlot.ltr,D07,GRSM,GRSM_049,tower,2021-10-14T16:00:00Z,2021-10-27T16:00:00Z,NEON.LTR.GRSM049.20211027.LVS,NEON.LTR.GRSM049.20211027.LVS.LIG,B00000088672,1,0.49,17.09,20.1,OK,OK,NA,A and L Great Lakes,SOP APF-10-024,5CCjZV/fgtQ=,j+NchQmCR3uWeXRzNkSPNw==,NA,20251206T005534Z,RELEASE-2026
b3d5b8b8-18d4-40a4-b4e0-f7ba9db12a7f,2021-12-30,GRSM_055.basePlot.ltr,D07,GRSM,GRSM_055,tower,2021-10-14T16:00:00Z,2021-10-27T16:00:00Z,NEON.LTR.GRSM055.20211027.LVS,NEON.LTR.GRSM055.20211027.LVS.LIG,B00000088693,1,0.494,17.08,20.07,OK,OK,NA,A and L Great Lakes,SOP APF-10-024,5CCjZV/fgtQ=,j+NchQmCR3uWeXRzNkSPNw==,NA,20251206T005534Z,RELEASE-2026
91e83ecb-82a3-4f6c-b4d5-3bd5ef83c712,2019-01-24,MLBS_063.basePlot.ltr,D07,MLBS,MLBS_063,tower,2018-09-26T16:00:00Z,2018-10-09T16:00:00Z,NEON.LTR.MLBS063.20181009.LVS,NEON.LTR.MLBS063.20181009.LVS.LIG,A00000044717,1,0.536,28.79,19.87,OK,OK,NA,University of Florida Wetland Biogeochemistry Laboratory,WBL-M-028,8kr+qfmeu1FQ7vvHWE7F/A==,5NMApxg5Cd0pWFY84VRdIg==,NA,20251205T043315Z,RELEASE-2026
c774d430-d62c-4a7f-85ba-4851873c7cb6,2019-01-24,MLBS_065.basePlot.ltr,D07,MLBS,MLBS_065,tower,2018-09-26T16:00:00Z,2018-10-09T16:00:00Z,NEON.LTR.MLBS065.20181009.LVS,NEON.LTR.MLBS065.20181009.LVS.LIG,A00000044723,1,0.517,29.86,19.84,OK,OK,NA,University of Florida Wetland Biogeochemistry Laboratory,WBL-M-028,8kr+qfmeu1FQ7vvHWE7F/A==,5NMApxg5Cd0pWFY84VRdIg==,NA,20251205T043315Z,RELEASE-2026
46306636-5885-4a60-b65e-ebbd603312e5,2019-01-24,MLBS_070.basePlot.ltr,D07,MLBS,MLBS_070,tower,2018-09-26T16:00:00Z,2018-10-09T16:00:00Z,NEON.LTR.MLBS070.20181009.LVS,NEON.LTR.MLBS070.20181009.LVS.LIG,A00000044738,1,0.53,27.34,19.5,OK,OK,NA,University of Florida Wetland Biogeochemistry Laboratory,WBL-M-028,8kr+qfmeu1FQ7vvHWE7F/A==,5NMApxg5Cd0pWFY84VRdIg==,NA,20251205T043315Z,RELEASE-2026
980d0cd1-953c-4b41-8b75-05fad8352153,2019-01-24,MLBS_061.basePlot.ltr,D07,MLBS,MLBS_061,tower,2018-09-26T16:00:00Z,2018-10-09T16:00:00Z,NEON.LTR.MLBS061.20181009.LVS,NEON.LTR.MLBS061.20181009.LVS.LIG,A00000044710,1,0.529,28.56,19.02,OK,OK,NA,University of Florida Wetland Biogeochemistry Laboratory,WBL-M-028,8kr+qfmeu1FQ7vvHWE7F/A==,5NMApxg5Cd0pWFY84VRdIg==,NA,20251205T043315Z,RELEASE-2026
1e5f05f9-9665-4ed4-b2ec-13cb1832eab0,2019-01-24,MLBS_073.basePlot.ltr,D07,MLBS,MLBS_073,tower,2018-09-26T16:00:00Z,2018-10-09T16:00:00Z,NEON.LTR.MLBS073.20181009.LVS,NEON.LTR.MLBS073.20181009.LVS.LIG,A00000044748,1,0.517,26.74,20.35,OK,OK,NA,University of Florida Wetland Biogeochemistry Laboratory,WBL-M-028,8kr+qfmeu1FQ7vvHWE7F/A==,5NMApxg5Cd0pWFY84VRdIg==,NA,20251205T043315Z,RELEASE-2026
dd9497f1-2c64-4741-97fe-e88072af4d2b,2019-01-24,MLBS_067.basePlot.ltr,D07,MLBS,MLBS_067,tower,2018-09-26T16:00:00Z,2018-10-09T16:00:00Z,NEON.LTR.MLBS067.20181009.LVS,NEON.LTR.MLBS067.20181009.LVS.LIG,A00000044730,1,0.53,32.28,18.75,OK,OK,NA,University of Florida Wetland Biogeochemistry Laboratory,WBL-M-028,8kr+qfmeu1FQ7vvHWE7F/A==,5NMApxg5Cd0pWFY84VRdIg==,NA,20251205T043315Z,RELEASE-2026
d86924aa-9af1-4da0-8099-5e73a7e582a0,2019-01-24,MLBS_076.basePlot.ltr,D07,MLBS,MLBS_076,tower,2018-09-26T16:00:00Z,2018-10-09T16:00:00Z,NEON.LTR.MLBS076.20181009.LVS,NEON.LTR.MLBS076.20181009.LVS.LIG,A00000044757,1,0.533,37.15,15.09,OK,OK,NA,University of Florida Wetland Biogeochemistry Laboratory,WBL-M-028,8kr+qfmeu1FQ7vvHWE7F/A==,5NMApxg5Cd0pWFY84VRdIg==,NA,20251205T043315Z,RELEASE-2026
5906d393-c76c-44cc-9a55-789d492eaf40,2019-01-24,MLBS_072.basePlot.ltr,D07,MLBS,MLBS_072,tower,2018-09-26T16:00:00Z,2018-10-09T16:00:00Z,NEON.LTR.MLBS072.20181009.LVS,NEON.LTR.MLBS072.20181009.LVS.LIG,A00000044745,1,0.593,38.79,17.82,OK,OK,NA,University of Florida Wetland Biogeochemistry Laboratory,WBL-M-028,8kr+qfmeu1FQ7vvHWE7F/A==,5NMApxg5Cd0pWFY84VRdIg==,NA,20251205T043315Z,RELEASE-2026
c3a33ae5-e2e5-4f98-8a5e-afdfc52a4693,2019-01-24,MLBS_063.basePlot.ltr,D07,MLBS,MLBS_063,tower,2018-09-26T16:00:00Z,2018-10-09T16:00:00Z,NEON.LTR.MLBS063.20181009.LVS,NEON.LTR.MLBS063.20181009.LVS.LIG,A00000044717,2,0.507,28.08,19.7,OK,OK,NA,University of Florida Wetland Biogeochemistry Laboratory,WBL-M-028,8kr+qfmeu1FQ7vvHWE7F/A==,5NMApxg5Cd0pWFY84VRdIg==,NA,20251205T043315Z,RELEASE-2026
ae91a864-094f-489c-9984-132072118f9d,2019-01-24,MLBS_064.basePlot.ltr,D07,MLBS,MLBS_064,tower,2018-09-26T16:00:00Z,2018-10-09T16:00:00Z,NEON.LTR.MLBS064.20181009.LVS,NEON.LTR.MLBS064.20181009.LVS.LIG,A00000044720,1,0.537,27.22,19.89,OK,OK,NA,University of Florida Wetland Biogeochemistry Laboratory,WBL-M-028,8kr+qfmeu1FQ7vvHWE7F/A==,5NMApxg5Cd0pWFY84VRdIg==,NA,20251205T043315Z,RELEASE-2026
68f4a452-3249-4863-8efa-7827644687eb,2019-01-24,MLBS_069.basePlot.ltr,D07,MLBS,MLBS_069,tower,2018-09-26T16:00:00Z,2018-10-09T16:00:00Z,NEON.LTR.MLBS069.20181009.LVS,NEON.LTR.MLBS069.20181009.LVS.LIG,A00000044735,1,0.477,26.29,18.78,OK,OK,NA,University of Florida Wetland Biogeochemistry Laboratory,WBL-M-028,8kr+qfmeu1FQ7vvHWE7F/A==,5NMApxg5Cd0pWFY84VRdIg==,NA,20251205T043315Z,RELEASE-2026
c55313d2-e74a-4113-a580-d12cc5e69ec3,2019-01-24,MLBS_068.basePlot.ltr,D07,MLBS,MLBS_068,tower,2018-09-26T16:00:00Z,2018-10-09T16:00:00Z,NEON.LTR.MLBS068.20181009.LVS,NEON.LTR.MLBS068.20181009.LVS.LIG,A00000044732,1,0.551,34.26,18.45,OK,OK,NA,University of Florida Wetland Biogeochemistry Laboratory,WBL-M-028,8kr+qfmeu1FQ7vvHWE7F/A==,5NMApxg5Cd0pWFY84VRdIg==,NA,20251205T043315Z,RELEASE-2026
b43f3f1e-5fff-4ff2-b578-a0d51492b57d,2019-01-24,MLBS_075.basePlot.ltr,D07,MLBS,MLBS_075,tower,2018-09-26T16:00:00Z,2018-10-09T16:00:00Z,NEON.LTR.MLBS075.20181009.LVS,NEON.LTR.MLBS075.20181009.LVS.LIG,A00000044754,1,0.518,33.67,19.43,OK,OK,NA,University of Florida Wetland Biogeochemistry Laboratory,WBL-M-028,8kr+qfmeu1FQ7vvHWE7F/A==,5NMApxg5Cd0pWFY84VRdIg==,NA,20251205T043315Z,RELEASE-2026
01bfb614-3590-473d-be70-dc738f316705,2019-01-24,MLBS_074.basePlot.ltr,D07,MLBS,MLBS_074,tower,2018-09-26T16:00:00Z,2018-10-09T16:00:00Z,NEON.LTR.MLBS074.20181009.LVS,NEON.LTR.MLBS074.20181009.LVS.LIG,A00000044751,1,0.517,25.9,19.01,OK,OK,NA,University of Florida Wetland Biogeochemistry Laboratory,WBL-M-028,8kr+qfmeu1FQ7vvHWE7F/A==,5NMApxg5Cd0pWFY84VRdIg==,NA,20251205T043315Z,RELEASE-2026
802c9170-7806-4c1b-9608-de761ddf84b5,2019-01-24,MLBS_071.basePlot.ltr,D07,MLBS,MLBS_071,tower,2018-09-26T16:00:00Z,2018-10-09T16:00:00Z,NEON.LTR.MLBS071.20181009.LVS,NEON.LTR.MLBS071.20181009.LVS.LIG,A00000044741,1,0.517,31.87,20.01,OK,OK,NA,University of Florida Wetland Biogeochemistry Laboratory,WBL-M-028,8kr+qfmeu1FQ7vvHWE7F/A==,5NMApxg5Cd0pWFY84VRdIg==,NA,20251205T043315Z,RELEASE-2026
e173224b-44ba-4616-8a42-48e2c2ccf3a1,2019-01-24,MLBS_062.basePlot.ltr,D07,MLBS,MLBS_062,tower,2018-09-26T16:00:00Z,2018-10-09T16:00:00Z,NEON.LTR.MLBS062.20181009.LVS,NEON.LTR.MLBS062.20181009.LVS.LIG,A00000044713,1,0.485,24.57,21.8,OK,OK,NA,University of Florida Wetland Biogeochemistry Laboratory,WBL-M-028,8kr+qfmeu1FQ7vvHWE7F/A==,5NMApxg5Cd0pWFY84VRdIg==,NA,20251205T043315Z,RELEASE-2026
1495108c-7b09-439a-bd03-5795b8144db7,2019-01-24,MLBS_066.basePlot.ltr,D07,MLBS,MLBS_066,tower,2018-09-26T16:00:00Z,2018-10-09T16:00:00Z,NEON.LTR.MLBS066.20181009.LVS,NEON.LTR.MLBS066.20181009.LVS.LIG,A00000044726,1,0.539,36.52,18.81,OK,OK,NA,University of Florida Wetland Biogeochemistry Laboratory,WBL-M-028,8kr+qfmeu1FQ7vvHWE7F/A==,5NMApxg5Cd0pWFY84VRdIg==,NA,20251205T043315Z,RELEASE-2026
3cdb2d23-c41b-4a07-abca-a5c82f45a6aa,2024-04-30,MLBS,D07,MLBS,NA,NA,2022-11-09T17:00:00Z,2023-05-03T16:00:00Z,NEON.LTR.MLBS.2023.TWI,NEON.LTR.MLBS.2023.TWI.LIG,A00000226574,1,0.469,29.57,34.02,OK,OK,NA,A and L Great Lakes,SOP APF-10-024,Nxkz/TUp5W0=,CiJPjd2CIin000O9ujraZQ==,NA,20251206T084125Z,RELEASE-2026
34611967-e4de-4276-8eb4-043bfacc559b,2024-04-30,MLBS,D07,MLBS,NA,NA,2022-11-09T17:00:00Z,2023-05-03T16:00:00Z,NEON.LTR.MLBS.2023.OTH,NEON.LTR.MLBS.2023.OTH.LIG,A00000226572,1,0.467,16.36,15.58,OK,OK,NA,A and L Great Lakes,SOP APF-10-024,Nxkz/TUp5W0=,CiJPjd2CIin000O9ujraZQ==,NA,20251206T084125Z,RELEASE-2026
5a587cf2-00d0-4fef-9254-c621c5d2fc8b,2024-04-30,MLBS,D07,MLBS,NA,NA,2022-11-09T17:00:00Z,2023-05-03T16:00:00Z,NEON.LTR.MLBS.2023.WDY,NEON.LTR.MLBS.2023.WDY.LIG,A00000226577,1,0.468,41.64,24.19,OK,OK,NA,A and L Great Lakes,SOP APF-10-024,Nxkz/TUp5W0=,CiJPjd2CIin000O9ujraZQ==,NA,20251206T084125Z,RELEASE-2026
ef1bd26d-d868-44c4-948b-7395b7d62cb7,2024-04-30,MLBS,D07,MLBS,NA,NA,2022-11-09T17:00:00Z,2023-05-03T16:00:00Z,NEON.LTR.MLBS.2023.FLR,NEON.LTR.MLBS.2023.FLR.LIG,A00000226568,1,0.481,31.15,16.85,OK,OK,NA,A and L Great Lakes,SOP APF-10-024,Nxkz/TUp5W0=,CiJPjd2CIin000O9ujraZQ==,NA,20251206T084125Z,RELEASE-2026
6722fb33-b617-4cbf-9a5d-c8d2504ef013,2024-04-30,MLBS,D07,MLBS,NA,NA,2023-05-02T16:00:00Z,2023-08-30T16:00:00Z,NEON.LTR.MLBS.2023.MXT,NEON.LTR.MLBS.2023.MXT.LIG,A00000226563,1,0.497,42.1,19.88,OK,OK,NA,A and L Great Lakes,SOP APF-10-024,Nxkz/TUp5W0=,CiJPjd2CIin000O9ujraZQ==,NA,20251206T113810Z,RELEASE-2026
93747361-745b-473d-8976-3ab41ef97875,2024-04-30,MLBS,D07,MLBS,NA,NA,2023-09-25T16:00:00Z,2023-10-10T16:00:00Z,NEON.LTR.MLBS.2023.SDS,NEON.LTR.MLBS.2023.SDS.LIG,A00000226566,1,0.484,22.67,25.74,OK,OK,NA,A and L Great Lakes,SOP APF-10-024,Nxkz/TUp5W0=,CiJPjd2CIin000O9ujraZQ==,NA,20251206T132910Z,RELEASE-2026
bdca4848-2391-477f-b616-5857ccdf926f,2024-04-30,MLBS_064.basePlot.ltr,D07,MLBS,MLBS_064,tower,2023-10-23T16:00:00Z,2023-11-07T17:00:00Z,NEON.LTR.MLBS064.20231107.LVS,NEON.LTR.MLBS064.20231107.LVS.LIG,A00000226606,1,0.466,29.95,18.72,OK,OK,NA,A and L Great Lakes,SOP APF-10-024,Nxkz/TUp5W0=,CiJPjd2CIin000O9ujraZQ==,NA,20251206T111312Z,RELEASE-2026
56968cfd-ea56-4af2-abf3-e748e6be6c3a,2024-04-30,MLBS_061.basePlot.ltr,D07,MLBS,MLBS_061,tower,2023-10-23T16:00:00Z,2023-11-07T17:00:00Z,NEON.LTR.MLBS061.20231107.LVS,NEON.LTR.MLBS061.20231107.LVS.LIG,A00000226602,1,0.5,29.82,20.14,OK,OK,NA,A and L Great Lakes,SOP APF-10-024,Nxkz/TUp5W0=,CiJPjd2CIin000O9ujraZQ==,NA,20251206T111312Z,RELEASE-2026
b981d6cf-6d3e-478a-8c78-d0afe90ec9ca,2024-04-30,MLBS_076.basePlot.ltr,D07,MLBS,MLBS_076,tower,2023-10-23T16:00:00Z,2023-11-07T17:00:00Z,NEON.LTR.MLBS076.20231107.LVS,NEON.LTR.MLBS076.20231107.LVS.LIG,A00000226607,1,0.488,32.5,18.66,OK,OK,NA,A and L Great Lakes,SOP APF-10-024,Nxkz/TUp5W0=,CiJPjd2CIin000O9ujraZQ==,NA,20251206T111312Z,RELEASE-2026
a31573a2-f6b1-4380-a846-332f1baa8c69,2024-04-30,MLBS_072.basePlot.ltr,D07,MLBS,MLBS_072,tower,2023-10-24T16:00:00Z,2023-11-07T17:00:00Z,NEON.LTR.MLBS072.20231107.LVS,NEON.LTR.MLBS072.20231107.LVS.LIG,A00000226614,1,0.47,27.79,17.29,OK,OK,NA,A and L Great Lakes,SOP APF-10-024,Nxkz/TUp5W0=,CiJPjd2CIin000O9ujraZQ==,NA,20251206T111312Z,RELEASE-2026
200f69a2-8d00-4ec7-a785-6bef4e6777c7,2024-04-30,MLBS_071.basePlot.ltr,D07,MLBS,MLBS_071,tower,2023-10-24T16:00:00Z,2023-11-07T17:00:00Z,NEON.LTR.MLBS071.20231107.NDL,NEON.LTR.MLBS071.20231107.NDL.LIG,A00000226629,1,0.461,28.86,19.91,OK,OK,NA,A and L Great Lakes,SOP APF-10-024,Nxkz/TUp5W0=,CiJPjd2CIin000O9ujraZQ==,NA,20251206T111312Z,RELEASE-2026
361bf681-1e7c-4f27-9021-285a7c49dcb1,2024-04-30,MLBS_074.basePlot.ltr,D07,MLBS,MLBS_074,tower,2023-10-24T16:00:00Z,2023-11-07T17:00:00Z,NEON.LTR.MLBS074.20231107.LVS,NEON.LTR.MLBS074.20231107.LVS.LIG,A00000226598,1,0.474,28.35,16.88,OK,OK,NA,A and L Great Lakes,SOP APF-10-024,Nxkz/TUp5W0=,CiJPjd2CIin000O9ujraZQ==,NA,20251206T111312Z,RELEASE-2026
f62aa836-2bb4-4588-8a47-40fb32b96050,2024-04-30,MLBS_066.basePlot.ltr,D07,MLBS,MLBS_066,tower,2023-10-24T16:00:00Z,2023-11-07T17:00:00Z,NEON.LTR.MLBS066.20231107.LVS,NEON.LTR.MLBS066.20231107.LVS.LIG,A00000226617,1,0.478,28.71,16.64,OK,OK,NA,A and L Great Lakes,SOP APF-10-024,Nxkz/TUp5W0=,CiJPjd2CIin000O9ujraZQ==,NA,20251206T111312Z,RELEASE-2026
3926d3d5-2df9-4000-b94c-0c5010c230cc,2024-04-30,MLBS_063.basePlot.ltr,D07,MLBS,MLBS_063,tower,2023-10-24T16:00:00Z,2023-11-07T17:00:00Z,NEON.LTR.MLBS063.20231107.LVS,NEON.LTR.MLBS063.20231107.LVS.LIG,A00000226593,1,0.494,26.99,20.32,OK,OK,NA,A and L Great Lakes,SOP APF-10-024,Nxkz/TUp5W0=,CiJPjd2CIin000O9ujraZQ==,NA,20251206T111312Z,RELEASE-2026
da2d1b39-aa93-4062-b934-4895b459d3ea,2024-04-30,MLBS_062.basePlot.ltr,D07,MLBS,MLBS_062,tower,2023-10-24T16:00:00Z,2023-11-07T17:00:00Z,NEON.LTR.MLBS062.20231107.LVS,NEON.LTR.MLBS062.20231107.LVS.LIG,A00000226581,1,0.477,27.93,19.05,OK,OK,NA,A and L Great Lakes,SOP APF-10-024,Nxkz/TUp5W0=,CiJPjd2CIin000O9ujraZQ==,NA,20251206T111312Z,RELEASE-2026
28acfcf1-9acd-42bd-906c-d5c7ff1048b1,2024-04-30,MLBS_068.basePlot.ltr,D07,MLBS,MLBS_068,tower,2023-10-24T16:00:00Z,2023-11-07T17:00:00Z,NEON.LTR.MLBS068.20231107.LVS,NEON.LTR.MLBS068.20231107.LVS.LIG,A00000226589,1,0.477,30.29,17.1,OK,OK,NA,A and L Great Lakes,SOP APF-10-024,Nxkz/TUp5W0=,CiJPjd2CIin000O9ujraZQ==,NA,20251206T111312Z,RELEASE-2026
79a0b198-3d56-4c55-96bd-5bbb4dbf735a,2024-04-30,MLBS_065.basePlot.ltr,D07,MLBS,MLBS_065,tower,2023-10-24T16:00:00Z,2023-11-07T17:00:00Z,NEON.LTR.MLBS065.20231107.LVS,NEON.LTR.MLBS065.20231107.LVS.LIG,A00000226619,1,0.497,29.53,17.14,OK,OK,NA,A and L Great Lakes,SOP APF-10-024,Nxkz/TUp5W0=,CiJPjd2CIin000O9ujraZQ==,NA,20251206T111312Z,RELEASE-2026
88ccecf0-9444-400c-94a2-711bf92a27c6,2024-04-30,MLBS_071.basePlot.ltr,D07,MLBS,MLBS_071,tower,2023-10-24T16:00:00Z,2023-11-07T17:00:00Z,NEON.LTR.MLBS071.20231107.LVS,NEON.LTR.MLBS071.20231107.LVS.LIG,A00000226585,1,0.485,25.98,17,OK,OK,NA,A and L Great Lakes,SOP APF-10-024,Nxkz/TUp5W0=,CiJPjd2CIin000O9ujraZQ==,NA,20251206T111312Z,RELEASE-2026
0984cc59-bebd-49c3-8b10-d3331f427ace,2024-04-30,MLBS_069.basePlot.ltr,D07,MLBS,MLBS_069,tower,2023-10-24T16:00:00Z,2023-11-07T17:00:00Z,NEON.LTR.MLBS069.20231107.LVS,NEON.LTR.MLBS069.20231107.LVS.LIG,A00000226612,1,0.464,30.5,17.22,OK,OK,NA,A and L Great Lakes,SOP APF-10-024,Nxkz/TUp5W0=,CiJPjd2CIin000O9ujraZQ==,NA,20251206T111312Z,RELEASE-2026
d8fc57cd-edcb-4191-97e4-11a2ee71da62,2024-04-30,MLBS_075.basePlot.ltr,D07,MLBS,MLBS_075,tower,2023-10-24T16:00:00Z,2023-11-07T17:00:00Z,NEON.LTR.MLBS075.20231107.LVS,NEON.LTR.MLBS075.20231107.LVS.LIG,A00000226626,1,0.503,28.91,18.55,OK,OK,NA,A and L Great Lakes,SOP APF-10-024,Nxkz/TUp5W0=,CiJPjd2CIin000O9ujraZQ==,NA,20251206T111312Z,RELEASE-2026
4af540bd-a001-4259-8ad2-c8efa37fdccd,2024-04-30,MLBS_067.basePlot.ltr,D07,MLBS,MLBS_067,tower,2023-10-24T16:00:00Z,2023-11-07T17:00:00Z,NEON.LTR.MLBS067.20231107.LVS,NEON.LTR.MLBS067.20231107.LVS.LIG,A00000226595,1,0.462,26.11,18.5,OK,OK,NA,A and L Great Lakes,SOP APF-10-024,Nxkz/TUp5W0=,CiJPjd2CIin000O9ujraZQ==,NA,20251206T111312Z,RELEASE-2026
294f0fca-42bc-4d14-a831-c8e4cbacfcf2,2024-04-30,MLBS_073.basePlot.ltr,D07,MLBS,MLBS_073,tower,2023-10-24T16:00:00Z,2023-11-07T17:00:00Z,NEON.LTR.MLBS073.20231107.LVS,NEON.LTR.MLBS073.20231107.LVS.LIG,A00000226623,1,0.493,33.24,17.64,OK,OK,NA,A and L Great Lakes,SOP APF-10-024,Nxkz/TUp5W0=,CiJPjd2CIin000O9ujraZQ==,NA,20251206T111312Z,RELEASE-2026
6184b2b6-59f7-49b7-80a6-825d2c9e08ab,2024-04-30,MLBS_070.basePlot.ltr,D07,MLBS,MLBS_070,tower,2023-10-24T16:00:00Z,2023-11-07T17:00:00Z,NEON.LTR.MLBS070.20231107.LVS,NEON.LTR.MLBS070.20231107.LVS.LIG,A00000226588,1,0.483,30.06,17.06,OK,OK,NA,A and L Great Lakes,SOP APF-10-024,Nxkz/TUp5W0=,CiJPjd2CIin000O9ujraZQ==,NA,20251206T111312Z,RELEASE-2026
7ac4e8bb-145a-4cbe-ab09-d36248d72b1f,2018-01-26,ORNL_050.basePlot.ltr,D07,ORNL,ORNL_050,tower,2017-10-25T16:00:00Z,2017-11-06T17:00:00Z,NEON.LTR.ORNL050.20171106.LVS,NEON.LTR.ORNL050.20171106.LVS.LIG,NA,1,0.557,27.32,25.55,OK,OK,NA,University of Florida Wetland Biogeochemistry Laboratory,WBL-M-028,bKF36824dpcABkIQiw5BLQ==,5NMApxg5Cd0pWFY84VRdIg==,NA,20251205T002801Z,RELEASE-2026
472c0e3c-a819-4a8c-b337-34cb5ccf024c,2018-01-29,ORNL_054.basePlot.ltr,D07,ORNL,ORNL_054,tower,2017-10-25T16:00:00Z,2017-11-06T17:00:00Z,NEON.LTR.ORNL054.20171106.LVS,NEON.LTR.ORNL054.20171106.LVS.LIG,NA,1,0.52,27.85,24.87,OK,OK,NA,University of Florida Wetland Biogeochemistry Laboratory,WBL-M-028,bKF36824dpcABkIQiw5BLQ==,5NMApxg5Cd0pWFY84VRdIg==,NA,20251205T002801Z,RELEASE-2026
19e54376-05af-4536-9175-8abbcaa5a40a,2018-01-29,ORNL_061.basePlot.ltr,D07,ORNL,ORNL_061,tower,2017-10-25T16:00:00Z,2017-11-06T17:00:00Z,NEON.LTR.ORNL061.20171106.LVS,NEON.LTR.ORNL061.20171106.LVS.LIG,NA,1,0.595,18.81,20.44,OK,OK,NA,University of Florida Wetland Biogeochemistry Laboratory,WBL-M-028,bKF36824dpcABkIQiw5BLQ==,5NMApxg5Cd0pWFY84VRdIg==,NA,20251205T002801Z,RELEASE-2026
2eee9cb0-b723-45cf-be27-f4150218d3d9,2018-01-26,ORNL_045.basePlot.ltr,D07,ORNL,ORNL_045,tower,2017-10-25T16:00:00Z,2017-11-06T17:00:00Z,NEON.LTR.ORNL045.20171106.LVS,NEON.LTR.ORNL045.20171106.LVS.LIG,NA,1,0.577,31.72,24.86,OK,OK,NA,University of Florida Wetland Biogeochemistry Laboratory,WBL-M-028,bKF36824dpcABkIQiw5BLQ==,5NMApxg5Cd0pWFY84VRdIg==,NA,20251205T002801Z,RELEASE-2026
6fc3883a-ba8e-40cf-8fdb-b05389b41824,2018-01-29,ORNL_057.basePlot.ltr,D07,ORNL,ORNL_057,tower,2017-10-25T16:00:00Z,2017-11-06T17:00:00Z,NEON.LTR.ORNL057.20171106.LVS,NEON.LTR.ORNL057.20171106.LVS.LIG,NA,1,0.508,27.97,24.24,OK,OK,NA,University of Florida Wetland Biogeochemistry Laboratory,WBL-M-028,bKF36824dpcABkIQiw5BLQ==,5NMApxg5Cd0pWFY84VRdIg==,NA,20251205T002801Z,RELEASE-2026
7bdb177b-dad8-4c1a-b722-e5a9ad314d81,2018-01-26,ORNL_037.basePlot.ltr,D07,ORNL,ORNL_037,tower,2017-10-25T16:00:00Z,2017-11-06T17:00:00Z,NEON.LTR.ORNL037.20171106.LVS,NEON.LTR.ORNL037.20171106.LVS.LIG,NA,1,0.54,32.22,24.21,OK,OK,NA,University of Florida Wetland Biogeochemistry Laboratory,WBL-M-028,bKF36824dpcABkIQiw5BLQ==,5NMApxg5Cd0pWFY84VRdIg==,NA,20251205T002801Z,RELEASE-2026
09db24c9-5974-40c6-a251-fea17a36b1e5,2018-01-29,ORNL_063.basePlot.ltr,D07,ORNL,ORNL_063,tower,2017-10-25T16:00:00Z,2017-11-06T17:00:00Z,NEON.LTR.ORNL063.20171106.NDL,NEON.LTR.ORNL063.20171106.NDL.LIG,NA,1,0.566,28.19,21.58,OK,OK,NA,University of Florida Wetland Biogeochemistry Laboratory,WBL-M-028,bKF36824dpcABkIQiw5BLQ==,5NMApxg5Cd0pWFY84VRdIg==,NA,20251205T002801Z,RELEASE-2026
36bd99b6-bf90-4433-b989-88fd66242d7b,2018-01-29,ORNL_052.basePlot.ltr,D07,ORNL,ORNL_052,tower,2017-10-25T16:00:00Z,2017-11-06T17:00:00Z,NEON.LTR.ORNL052.20171106.LVS,NEON.LTR.ORNL052.20171106.LVS.LIG,NA,1,0.547,31.6,24.97,OK,OK,NA,University of Florida Wetland Biogeochemistry Laboratory,WBL-M-028,bKF36824dpcABkIQiw5BLQ==,5NMApxg5Cd0pWFY84VRdIg==,NA,20251205T002801Z,RELEASE-2026
82534a82-3fa8-418d-b1cf-3eaba6f1245c,2018-01-26,ORNL_043.basePlot.ltr,D07,ORNL,ORNL_043,tower,2017-10-25T16:00:00Z,2017-11-06T17:00:00Z,NEON.LTR.ORNL043.20171106.NDL,NEON.LTR.ORNL043.20171106.NDL.LIG,NA,1,0.584,34.74,25.14,OK,OK,NA,University of Florida Wetland Biogeochemistry Laboratory,WBL-M-028,bKF36824dpcABkIQiw5BLQ==,5NMApxg5Cd0pWFY84VRdIg==,NA,20251205T002801Z,RELEASE-2026
ea934445-e6f6-459f-b9d3-a04e6d353da3,2018-01-29,ORNL_055.basePlot.ltr,D07,ORNL,ORNL_055,tower,2017-10-25T16:00:00Z,2017-11-06T17:00:00Z,NEON.LTR.ORNL055.20171106.LVS,NEON.LTR.ORNL055.20171106.LVS.LIG,NA,1,0.534,29.35,26.77,OK,OK,NA,University of Florida Wetland Biogeochemistry Laboratory,WBL-M-028,bKF36824dpcABkIQiw5BLQ==,5NMApxg5Cd0pWFY84VRdIg==,NA,20251205T002801Z,RELEASE-2026
8f37cb74-b56a-470d-9496-12404373f6dc,2018-01-29,ORNL_056.basePlot.ltr,D07,ORNL,ORNL_056,tower,2017-10-25T16:00:00Z,2017-11-06T17:00:00Z,NEON.LTR.ORNL056.20171106.LVS,NEON.LTR.ORNL056.20171106.LVS.LIG,NA,1,0.504,28.95,26.71,OK,OK,NA,University of Florida Wetland Biogeochemistry Laboratory,WBL-M-028,bKF36824dpcABkIQiw5BLQ==,5NMApxg5Cd0pWFY84VRdIg==,NA,20251205T002801Z,RELEASE-2026
729f1785-a95b-4371-889f-72ed102f9162,2018-01-26,ORNL_036.basePlot.ltr,D07,ORNL,ORNL_036,tower,2017-10-25T16:00:00Z,2017-11-06T17:00:00Z,NEON.LTR.ORNL036.20171106.LVS,NEON.LTR.ORNL036.20171106.LVS.LIG,NA,1,0.594,29.24,25.6,OK,OK,NA,University of Florida Wetland Biogeochemistry Laboratory,WBL-M-028,bKF36824dpcABkIQiw5BLQ==,5NMApxg5Cd0pWFY84VRdIg==,NA,20251205T002801Z,RELEASE-2026
2b502187-19eb-4a61-a121-359c414d9f15,2018-01-29,ORNL_056.basePlot.ltr,D07,ORNL,ORNL_056,tower,2017-10-25T16:00:00Z,2017-11-06T17:00:00Z,NEON.LTR.ORNL056.20171106.LVS,NEON.LTR.ORNL056.20171106.LVS.LIG,NA,2,0.528,28.12,26.2,OK,OK,NA,University of Florida Wetland Biogeochemistry Laboratory,WBL-M-028,bKF36824dpcABkIQiw5BLQ==,5NMApxg5Cd0pWFY84VRdIg==,NA,20251205T002801Z,RELEASE-2026
4470b121-6257-4cae-a38e-b3ce89ef9c98,2018-01-26,ORNL_049.basePlot.ltr,D07,ORNL,ORNL_049,tower,2017-10-25T16:00:00Z,2017-11-06T17:00:00Z,NEON.LTR.ORNL049.20171106.LVS,NEON.LTR.ORNL049.20171106.LVS.LIG,NA,1,0.561,25.96,23.81,OK,OK,NA,University of Florida Wetland Biogeochemistry Laboratory,WBL-M-028,bKF36824dpcABkIQiw5BLQ==,5NMApxg5Cd0pWFY84VRdIg==,NA,20251205T002801Z,RELEASE-2026
c0355a6b-c98a-4bb1-a81c-d4dc051aaf86,2018-01-29,ORNL_059.basePlot.ltr,D07,ORNL,ORNL_059,tower,2017-10-25T16:00:00Z,2017-11-06T17:00:00Z,NEON.LTR.ORNL059.20171106.LVS,NEON.LTR.ORNL059.20171106.LVS.LIG,NA,1,0.531,28.09,23.42,OK,OK,NA,University of Florida Wetland Biogeochemistry Laboratory,WBL-M-028,bKF36824dpcABkIQiw5BLQ==,5NMApxg5Cd0pWFY84VRdIg==,NA,20251205T002801Z,RELEASE-2026
6c6a0637-8ccd-4502-bb51-eb9c41d6a91d,2018-01-29,ORNL_060.basePlot.ltr,D07,ORNL,ORNL_060,tower,2017-10-25T16:00:00Z,2017-11-06T17:00:00Z,NEON.LTR.ORNL060.20171106.LVS,NEON.LTR.ORNL060.20171106.LVS.LIG,NA,1,0.574,24.21,26.08,OK,OK,NA,University of Florida Wetland Biogeochemistry Laboratory,WBL-M-028,bKF36824dpcABkIQiw5BLQ==,5NMApxg5Cd0pWFY84VRdIg==,NA,20251205T002801Z,RELEASE-2026
8cb01369-27ad-4464-8fdd-d136034e1e38,2018-01-29,ORNL_053.basePlot.ltr,D07,ORNL,ORNL_053,tower,2017-10-25T16:00:00Z,2017-11-06T17:00:00Z,NEON.LTR.ORNL053.20171106.LVS,NEON.LTR.ORNL053.20171106.LVS.LIG,NA,1,0.548,23.52,24.92,OK,OK,NA,University of Florida Wetland Biogeochemistry Laboratory,WBL-M-028,bKF36824dpcABkIQiw5BLQ==,5NMApxg5Cd0pWFY84VRdIg==,NA,20251205T002801Z,RELEASE-2026
95a63c62-c173-49c8-81a5-da5e6ea10ccf,2018-01-26,ORNL_043.basePlot.ltr,D07,ORNL,ORNL_043,tower,2017-10-25T16:00:00Z,2017-11-06T17:00:00Z,NEON.LTR.ORNL043.20171106.LVS,NEON.LTR.ORNL043.20171106.LVS.LIG,NA,1,0.547,26,21.24,OK,OK,NA,University of Florida Wetland Biogeochemistry Laboratory,WBL-M-028,bKF36824dpcABkIQiw5BLQ==,5NMApxg5Cd0pWFY84VRdIg==,NA,20251205T002801Z,RELEASE-2026
70f7050e-3742-46cd-9f29-9893db14ed6b,2018-01-29,ORNL_063.basePlot.ltr,D07,ORNL,ORNL_063,tower,2017-10-25T16:00:00Z,2017-11-06T17:00:00Z,NEON.LTR.ORNL063.20171106.LVS,NEON.LTR.ORNL063.20171106.LVS.LIG,NA,1,0.55,24.34,22.06,OK,OK,NA,University of Florida Wetland Biogeochemistry Laboratory,WBL-M-028,bKF36824dpcABkIQiw5BLQ==,5NMApxg5Cd0pWFY84VRdIg==,NA,20251205T002801Z,RELEASE-2026
6992be1f-fbe8-4bfd-89bb-3c83087e0d97,2018-01-26,ORNL_046.basePlot.ltr,D07,ORNL,ORNL_046,tower,2017-10-25T16:00:00Z,2017-11-06T17:00:00Z,NEON.LTR.ORNL046.20171106.LVS,NEON.LTR.ORNL046.20171106.LVS.LIG,NA,1,0.544,20.15,19.99,OK,OK,NA,University of Florida Wetland Biogeochemistry Laboratory,WBL-M-028,bKF36824dpcABkIQiw5BLQ==,5NMApxg5Cd0pWFY84VRdIg==,NA,20251205T002801Z,RELEASE-2026
7d95d09f-9802-4388-80a3-0e097afb251e,2018-01-29,ORNL_058.basePlot.ltr,D07,ORNL,ORNL_058,tower,2017-10-25T16:00:00Z,2017-11-06T17:00:00Z,NEON.LTR.ORNL058.20171106.LVS,NEON.LTR.ORNL058.20171106.LVS.LIG,NA,1,0.528,27.29,25.76,OK,OK,NA,University of Florida Wetland Biogeochemistry Laboratory,WBL-M-028,bKF36824dpcABkIQiw5BLQ==,5NMApxg5Cd0pWFY84VRdIg==,NA,20251205T002801Z,RELEASE-2026
f1513950-1338-465d-bef2-992514e308f8,2018-01-29,ORNL_061.basePlot.ltr,D07,ORNL,ORNL_061,tower,2017-10-25T16:00:00Z,2017-11-06T17:00:00Z,NEON.LTR.ORNL061.20171106.NDL,NEON.LTR.ORNL061.20171106.NDL.LIG,NA,1,0.498,29.3,23.57,OK,OK,NA,University of Florida Wetland Biogeochemistry Laboratory,WBL-M-028,bKF36824dpcABkIQiw5BLQ==,5NMApxg5Cd0pWFY84VRdIg==,NA,20251205T002801Z,RELEASE-2026
6fb4f12e-c75c-40a8-8114-351d41f222c0,2018-01-29,ORNL_051.basePlot.ltr,D07,ORNL,ORNL_051,tower,2017-10-25T16:00:00Z,2017-11-06T17:00:00Z,NEON.LTR.ORNL051.20171106.LVS,NEON.LTR.ORNL051.20171106.LVS.LIG,NA,1,0.57,24.55,24.58,OK,OK,NA,University of Florida Wetland Biogeochemistry Laboratory,WBL-M-028,bKF36824dpcABkIQiw5BLQ==,5NMApxg5Cd0pWFY84VRdIg==,NA,20251205T002801Z,RELEASE-2026
12fca32c-6e0a-42db-bcb5-1f70da918245,2018-01-29,ORNL_062.basePlot.ltr,D07,ORNL,ORNL_062,tower,2017-10-25T16:00:00Z,2017-11-06T17:00:00Z,NEON.LTR.ORNL062.20171106.LVS,NEON.LTR.ORNL062.20171106.LVS.LIG,NA,1,0.56,34.68,24.46,OK,OK,NA,University of Florida Wetland Biogeochemistry Laboratory,WBL-M-028,bKF36824dpcABkIQiw5BLQ==,5NMApxg5Cd0pWFY84VRdIg==,NA,20251205T002801Z,RELEASE-2026
7a7b94d2-8cce-48b8-91d0-d7b49faf0185,2023-04-18,ORNL,D07,ORNL,NA,NA,2022-03-23T16:00:00Z,2022-09-07T16:00:00Z,NEON.LTR.ORNL.2022.FLR,NEON.LTR.ORNL.2022.FLR.LIG,A00000222920,1,0.49,45.12,20.21,OK,OK,NA,A and L Great Lakes,SOP APF-10-024,g2Nnhw2rHMc=,j+NchQmCR3uWeXRzNkSPNw==,NA,20251206T032007Z,RELEASE-2026
3c39f855-f620-4638-8d35-74f638496a2b,2023-04-18,ORNL,D07,ORNL,NA,NA,2022-03-23T16:00:00Z,2022-09-07T16:00:00Z,NEON.LTR.ORNL.2022.MXT,NEON.LTR.ORNL.2022.MXT.LIG,A00000222910,1,0.476,42.65,20.61,OK,OK,NA,A and L Great Lakes,SOP APF-10-024,g2Nnhw2rHMc=,j+NchQmCR3uWeXRzNkSPNw==,NA,20251206T032007Z,RELEASE-2026
ac5f1590-501c-4917-be56-58f296271632,2023-04-18,ORNL,D07,ORNL,NA,NA,2022-03-23T16:00:00Z,2022-09-07T16:00:00Z,NEON.LTR.ORNL.2022.WDY,NEON.LTR.ORNL.2022.WDY.LIG,A00000222921,1,0.467,38.9,26.92,OK,OK,NA,A and L Great Lakes,SOP APF-10-024,g2Nnhw2rHMc=,j+NchQmCR3uWeXRzNkSPNw==,NA,20251206T032007Z,RELEASE-2026
49429e80-7672-4ee4-a785-e8721bce58b2,2023-04-18,ORNL,D07,ORNL,NA,NA,2022-03-23T16:00:00Z,2022-09-07T16:00:00Z,NEON.LTR.ORNL.2022.OTH,NEON.LTR.ORNL.2022.OTH.LIG,A00000222927,1,0.483,29.35,17.92,OK,OK,NA,A and L Great Lakes,SOP APF-10-024,g2Nnhw2rHMc=,j+NchQmCR3uWeXRzNkSPNw==,NA,20251206T032007Z,RELEASE-2026
9f03b3b2-1964-4f45-9029-ecbf31f9c2ee,2023-04-18,ORNL,D07,ORNL,NA,NA,2022-03-23T16:00:00Z,2022-09-07T16:00:00Z,NEON.LTR.ORNL.2022.TWI,NEON.LTR.ORNL.2022.TWI.LIG,A00000222922,1,0.493,33.37,33.44,OK,OK,NA,A and L Great Lakes,SOP APF-10-024,g2Nnhw2rHMc=,j+NchQmCR3uWeXRzNkSPNw==,NA,20251206T032007Z,RELEASE-2026
a7567395-1ff4-4d29-ad19-ee3d77d27d90,2023-04-18,ORNL,D07,ORNL,NA,NA,2022-10-06T16:00:00Z,2022-10-18T16:00:00Z,NEON.LTR.ORNL.2022.SDS,NEON.LTR.ORNL.2022.SDS.LIG,A00000222916,1,0.495,18.75,21.98,OK,OK,NA,A and L Great Lakes,SOP APF-10-024,g2Nnhw2rHMc=,j+NchQmCR3uWeXRzNkSPNw==,NA,20251206T054525Z,RELEASE-2026
5d7d5e7c-1c1c-4fd7-9da6-7b526fb80c7e,2023-04-18,ORNL_049.basePlot.ltr,D07,ORNL,ORNL_049,tower,2022-10-18T16:00:00Z,2022-11-03T16:00:00Z,NEON.LTR.ORNL049.20221103.LVS,NEON.LTR.ORNL049.20221103.LVS.LIG,A00000222893,1,0.494,20.6,19.27,OK,OK,NA,A and L Great Lakes,SOP APF-10-024,g2Nnhw2rHMc=,j+NchQmCR3uWeXRzNkSPNw==,NA,20251206T072828Z,RELEASE-2026
b49cd5a1-46df-4cfc-8674-02ed7ea43308,2023-04-18,ORNL_051.basePlot.ltr,D07,ORNL,ORNL_051,tower,2022-10-18T16:00:00Z,2022-11-03T16:00:00Z,NEON.LTR.ORNL051.20221103.LVS,NEON.LTR.ORNL051.20221103.LVS.LIG,A00000222884,1,0.477,22.23,19.08,OK,OK,NA,A and L Great Lakes,SOP APF-10-024,g2Nnhw2rHMc=,j+NchQmCR3uWeXRzNkSPNw==,NA,20251206T072828Z,RELEASE-2026
1587e4d4-ec46-4741-9058-213af8d87452,2023-04-18,ORNL_037.basePlot.ltr,D07,ORNL,ORNL_037,tower,2022-10-18T16:00:00Z,2022-11-03T16:00:00Z,NEON.LTR.ORNL037.20221103.LVS,NEON.LTR.ORNL037.20221103.LVS.LIG,A00000222903,1,0.488,26.97,21.4,OK,OK,NA,A and L Great Lakes,SOP APF-10-024,g2Nnhw2rHMc=,j+NchQmCR3uWeXRzNkSPNw==,NA,20251206T072828Z,RELEASE-2026
71c9aabb-80d3-41d6-b460-2c335f9df551,2023-04-18,ORNL_045.basePlot.ltr,D07,ORNL,ORNL_045,tower,2022-10-18T16:00:00Z,2022-11-03T16:00:00Z,NEON.LTR.ORNL045.20221103.LVS,NEON.LTR.ORNL045.20221103.LVS.LIG,A00000222899,1,0.493,24.34,19.55,OK,OK,NA,A and L Great Lakes,SOP APF-10-024,g2Nnhw2rHMc=,j+NchQmCR3uWeXRzNkSPNw==,NA,20251206T072828Z,RELEASE-2026
4ccd269b-3547-434d-9d15-c6b8483340bc,2023-04-18,ORNL_043.basePlot.ltr,D07,ORNL,ORNL_043,tower,2022-10-18T16:00:00Z,2022-11-03T16:00:00Z,NEON.LTR.ORNL043.20221103.LVS,NEON.LTR.ORNL043.20221103.LVS.LIG,A00000222888,1,0.485,28.24,20.09,OK,OK,NA,A and L Great Lakes,SOP APF-10-024,g2Nnhw2rHMc=,j+NchQmCR3uWeXRzNkSPNw==,NA,20251206T072828Z,RELEASE-2026
84e6157a-e0c9-42c0-8728-638ead7e7f10,2023-04-18,ORNL_046.basePlot.ltr,D07,ORNL,ORNL_046,tower,2022-10-18T16:00:00Z,2022-11-03T16:00:00Z,NEON.LTR.ORNL046.20221103.LVS,NEON.LTR.ORNL046.20221103.LVS.LIG,A00000222897,1,0.476,21.14,18.1,OK,OK,NA,A and L Great Lakes,SOP APF-10-024,g2Nnhw2rHMc=,j+NchQmCR3uWeXRzNkSPNw==,NA,20251206T072828Z,RELEASE-2026
3d51fecd-ff9e-4cf5-a309-92fb868f39c7,2023-04-18,ORNL_050.basePlot.ltr,D07,ORNL,ORNL_050,tower,2022-10-18T16:00:00Z,2022-11-03T16:00:00Z,NEON.LTR.ORNL050.20221103.LVS,NEON.LTR.ORNL050.20221103.LVS.LIG,A00000222891,1,0.47,23.77,20.61,OK,OK,NA,A and L Great Lakes,SOP APF-10-024,g2Nnhw2rHMc=,j+NchQmCR3uWeXRzNkSPNw==,NA,20251206T072828Z,RELEASE-2026
1c46a41a-1d82-4661-b474-7d820d5c3385,2023-04-18,ORNL_053.basePlot.ltr,D07,ORNL,ORNL_053,tower,2022-10-18T16:00:00Z,2022-11-03T16:00:00Z,NEON.LTR.ORNL053.20221103.LVS,NEON.LTR.ORNL053.20221103.LVS.LIG,A00000222878,1,0.484,24.12,21.35,OK,OK,NA,A and L Great Lakes,SOP APF-10-024,g2Nnhw2rHMc=,j+NchQmCR3uWeXRzNkSPNw==,NA,20251206T072828Z,RELEASE-2026
c829b9f2-20e8-4289-b013-668c0823d3a8,2023-04-18,ORNL_043.basePlot.ltr,D07,ORNL,ORNL_043,tower,2022-10-18T16:00:00Z,2022-11-03T16:00:00Z,NEON.LTR.ORNL043.20221103.NDL,NEON.LTR.ORNL043.20221103.NDL.LIG,A00000222928,1,0.458,30.22,21.14,OK,OK,NA,A and L Great Lakes,SOP APF-10-024,g2Nnhw2rHMc=,j+NchQmCR3uWeXRzNkSPNw==,NA,20251206T072828Z,RELEASE-2026
ceabd480-6164-4b6b-803f-d558b759865a,2023-04-18,ORNL_052.basePlot.ltr,D07,ORNL,ORNL_052,tower,2022-10-18T16:00:00Z,2022-11-03T16:00:00Z,NEON.LTR.ORNL052.20221103.LVS,NEON.LTR.ORNL052.20221103.LVS.LIG,A00000222882,1,0.463,30.67,20.91,OK,OK,NA,A and L Great Lakes,SOP APF-10-024,g2Nnhw2rHMc=,j+NchQmCR3uWeXRzNkSPNw==,NA,20251206T072828Z,RELEASE-2026
bf807447-6e04-4bb2-968a-ee01c426cc89,2023-04-18,ORNL_045.basePlot.ltr,D07,ORNL,ORNL_045,tower,2022-10-18T16:00:00Z,2022-11-03T16:00:00Z,NEON.LTR.ORNL045.20221103.NDL,NEON.LTR.ORNL045.20221103.NDL.LIG,A00000222923,1,0.464,29.97,20.89,OK,OK,NA,A and L Great Lakes,SOP APF-10-024,g2Nnhw2rHMc=,j+NchQmCR3uWeXRzNkSPNw==,NA,20251206T072828Z,RELEASE-2026
2fe1d282-478a-4f95-8311-7b522100af02,2023-04-18,ORNL_036.basePlot.ltr,D07,ORNL,ORNL_036,tower,2022-10-18T16:00:00Z,2022-11-03T16:00:00Z,NEON.LTR.ORNL036.20221103.LVS,NEON.LTR.ORNL036.20221103.LVS.LIG,A00000222906,1,0.485,27.96,21.06,OK,OK,NA,A and L Great Lakes,SOP APF-10-024,g2Nnhw2rHMc=,j+NchQmCR3uWeXRzNkSPNw==,NA,20251206T072828Z,RELEASE-2026
